Food Code_source,Food Name_source,Description_source,Group_source,Previous_source,Main data references_source,Footnote_source,Energy (kJ)_source,Energy (kcal)_source,Fat (g)_source,Saturates (g)_source,Carbohydrate (g)_source,Sugars (g)_source,Starch (g)_source,Fibre (g)_source,Protein (g)_source,Salt (g)_source,Food_Category_source,Super_Category_source,Food_Name_target,Portion_Size_target,Weight_g_target,Notes_target,Weight_Value_target,Weight_Unit_target,Similarity_Score
14-845,Sunflower seeds,Analysis and literature sources,GA,50-995 14-859 ,"Reviewed 2013. LGC, Fatty acid composition of foods, 1987; and Fruit and Nuts Supplement, 1992",,2513,606,47.5,6.58,17,1.6,14.8,8.6,23.4,0.01,Nuts and seeds,Plant-based foods,Sunflower seeds,1 tablespoon,16g,,16.0,g,1.0000000000000002
17-722,Tartare sauce,"10 samples, 4 brands",WCN,17-337 ,"LFRA, Nutrient analysis of miscellaneous foods, 1992; and industry data, 2013",,1236,298,24.6,1.6,17.6,16,1.5,0.6,1.3,2.7,Uncategorized,Other,Tartare sauce,average serving,30g,,30.0,g,1.0000000000000002
14-882,Peanuts and raisins,"Calculated from recipe proportions, plain peanuts 56% and raisins 44%",GA,14-836 50-1036 ,"Reviewed 2013. Fruit and Nut Supplement, 1992",,1932,463,25.9,4.9,37,33.8,3.2,5.7,17.5,0.07,Nuts and seeds,Plant-based foods,Peanuts and raisins,1 handful,40g,,40.0,g,1.0000000000000002
17-717,"Dressing, thousand island","7 samples, 4 brands",WCG,17-306 ,"LFRA, Nutrient analysis of miscellaneous foods, 1992; industry data, 2013; and fatty acids calculated from Fatty Acid Supplement. 1998 and phytosterols from Fatty Acid Supplement, 1998",,878,211,16.4,2.04,15.1,12.8,2.3,0.4,0.7,1.18,Uncategorized,Other,Thousand island dressing,1 tablespoon,30g,,30.0,g,1.0000000000000002
17-795,"Soup, gazpacho, homemade",Recipe,WAA,17-599 ,Updated 2014,,196,47,3.6,0.5,2.6,2.5,0.1,0.7,0.8,0.32,Uncategorized,Other,"Croutons with soup, homemade",25g,,,,,1.0000000000000002
17-813,"Soup, mulligatawny, homemade",Recipe,WAA,17-603 ,Updated 2014,,399,96,6.4,3.68,7.2,2.9,4.4,0.8,1.9,1.16,Uncategorized,Other,"Croutons with soup, homemade",25g,,,,,1.0000000000000002
17-355,Baking powder,6 samples of the same brand,WY,50-1174 ,"Reviewed 2013. MW4, 1978",,681,160,0.0,0,34.4,0,34.4,0,5.7,29.5,Uncategorized,Other,Baking powder,1 level teaspoon,,,,,1.0000000000000002
17-061,"Sugar, Demerara",5 samples,SC,50-1010 ,"Reviewed 2013. LGC, Analysis of assorted foods, 1994",,1700,400,0.0,0,99.5,99.5,0,0,0.5,0.01,Sugars and confectionery,Processed foods,sugar,Jig,,,,,1.0
12-132,"Cheese, Caerphilly",10-20 samples,BL,,"Milk Products and Eggs Supplement, 1989",,1546,373,31.3,19.6,0.1,0.1,0,0,22.8,1.2,Uncategorized,Other,cheese,30g,,,,,1.0
12-489,"Cheese, Wensleydale","9 samples, sampled in spring and autumn",BL,12-182 ,"LGC, Nutrient analysis of cheese, 1999",,1573,380,31.8,19.7,0.1,0.1,0,0,23.3,1.1,Uncategorized,Other,cheese,30g,,,,,1.0
11-947,"Bread, seeded",Label data and calculations,AF,,"Industry data, 2013; and calculated",,1188,282,7.4,1,40,3.6,36.4,6.2,10.9,0.9,Nuts and seeds,Plant-based foods,"Roti, bread",cooked in tandoor,lOOg,,,,1.0
11-969,"Bread, ciabatta",8 samples,AF,11-609 ,"LGC, Nutrient analysis of bread and morning goods, 1999; and industry data, 2013. Some inorganics  and vitamins estimated from white bread, French stick.",,1168,276,3.9,0.57,47.4,3,44.5,3.3,11.3,0.88,Bakery products,Processed foods,"Roti, bread",cooked in tandoor,lOOg,,,,1.0
11-826,"Breadsticks, plain","10 samples, 5 products",AM,17-123 ,"DH, Nutrient analysis of biscuits, buns, cakes and pastries, 2011",,1660,393,8.1,6.01,66.4,3.1,63.3,3.7,11.9,2.04,Bakery products,Processed foods,Bagel plain,70g,,,,,1.0
17-709,Tomato ketchup,"10 samples, 5 brands",WCN,17-513 ,"LFRA, Nutrient analysis of miscellaneous foods, 1992; and industry data, 2013. Carotenoids from LGC 'Determination of cis carotenoids in foodstuffs' 1997",,511,120,0.1,0,27.8,26.8,1,0.9,1.6,2,Uncategorized,Other,Tomato ketchup,I sachet,12g,,12.0,g,1.0
12-496,"Cheese, Halloumi","9 samples, sampled in spring and autumn",BL,,"LGC, Nutrient analysis of cheese, 1999; and industry data, 2013",,1296,312,23.5,16.58,1.6,1.6,0,0,23.4,3,Uncategorized,Other,cheese,30g,,,,,1.0
12-493,"Cheese, Emmental","9 samples, sampled in spring and autumn",BL,12-156 ,"LGC, Nutrient analysis of cheese, 1999",,1647,397,30.9,20.59,0,0,0,0,29.6,0.47,Uncategorized,Other,cheese,30g,,,,,1.0
12-164,"Cheese, Gruyere",10 samples,BL,,"Milk Products and Eggs Supplement, 1989",,1685,406,33.3,20.8,0,0,0,0,26.6,1.68,Uncategorized,Other,cheese,30g,,,,,1.0
13-531,Tomato puree,"9 samples, 8 brands, double concentrate, no added salt",DG,17-516 ,"DH, Nutrient analysis of fruit and vegetables, 2013",,340,81,0.2,0.04,12.9,12.9,0,4.7,4.4,0.12,Uncategorized,Other,Tomato,1 small,65g,,65.0,g,1.0
12-495,"Cheese, Paneer","9 samples, sampled in spring and autumn",BL,,"LGC, Nutrient analysis of cheese, 1999",,1354,326,24.5,15.43,0.9,0.9,0,0,25.4,0.05,Uncategorized,Other,cheese,30g,,,,,1.0
12-490,"Cheese, Mascarpone","8 samples, sampled in spring and autumn",BL,,"LGC, Nutrient analysis of cheese, 1999",,1793,435,44.5,29.48,4.1,4.1,0,0,4.5,0.18,Uncategorized,Other,cheese,30g,,,,,1.0
12-176,"Cheese, Ricotta",Analysis and literature sources,BL,,"Milk Products and Eggs Supplement, 1989.",,597,144,11.0,6.9,1.9,1.9,0,0,9.3,0.25,Uncategorized,Other,cheese,30g,,,,,1.0
11-813,"Biscuits, sandwich, cream","12 samples, 12 products, including Custard Creams and Bourbons",AM,11-519 ,"DH, Nutrient analysis of biscuits, buns, cakes and pastries, 2011",,2022,483,23.3,13.31,61.3,28.6,32.7,3.1,5.5,0.47,Uncategorized,Other,Cream sandwich biscuits,,12g,,12.0,g,1.0
12-177,"Cheese, Roquefort",10 samples,BL,,"Milk Products and Eggs Supplement, 1989",,1546,373,32.9,20.7,0,0,0,0,19.3,4.18,Uncategorized,Other,cheese,30g,,,,,1.0
14-059,Star fruit,Carambola. Analysis and literature sources; ends trimmed,FA,,"Fruit and Nuts Supplement, 1992",,182,43,0.3,0.1,7.2,7.1,0.2,2.8,0.5,0.01,Fruit,Plant-based foods,Fruit tartiflan,average portion,95g,,95.0,g,1.0
14-873,"Coconut, desiccated",Analytical and literature sources,GA,14-818 50-979 ,"MW1, 1940. Data reviewed for Fruit and Nuts Supplement,1992; selenium from Analysis of foods for Selenium 1994",,2640,641,62.0,53.4,6.1,6.1,0,16.3,6.6,0.07,Nuts and seeds,Plant-based foods,Coconut pyramid,,25g,,25.0,g,1.0
14-263,Sultanas,"10 samples, 9 brands; whole fruit",FA,50-969 ,"Reviewed 2013. LGC, Nutritional compositon of fruit products, 1985-1986",,1264,298,0.4,0.06,69.4,69.4,0,2.7,2.7,0.05,Uncategorized,Other,Sultanas,"1 tablespoon, dried",30g,,30.0,g,1.0
17-761,Lucozade,"Including lemon, orange and tropical flavours",PCA,17-543 ,"MSF supplement, 1994; and industry data, 2013",,266,63,0.0,0,15.6,11.1,0,0,0.0,0.07,Uncategorized,Other,Lucozade tablets,each,4g,,4.0,g,1.0
11-805,Fig Rolls,"10 samples, 5 products",AM,11-409 ,"DH, Nutrient analysis of biscuits, buns, cakes and pastries, 2011",,1584,376,10.6,4.76,63.6,42.7,20.9,3.9,4.6,0.68,Uncategorized,Other,Rolls,bagel,70g,,70.0,g,1.0
14-089,"Elderberries, whole fruit",Literature sources,FA,,"Gebhardt et al. (1982) Composition of foods: fruits and fruit juices, raw, processed and prepared, Agriculture Handbook No. 8-9, and Souci-Fachman-Kraut (1987) Food composition and nutrition tables 1986/87, 3rd revised and completed edition.",,202,48,0.5,0.03,6.5,6.5,0,6.8,0.7,0,Fruit,Plant-based foods,Fruit tartiflan,average portion,95g,,95.0,g,1.0
16-450,Fish paste,"30 samples, sardine, crab, lobster and salmon",JR,16-334 ,"Fish and Fish Products Supplement, 1993; and industry data, 2013. Iron from LGC 'The determination of different forms of Iron in foodstuffs' 1997, Food Surveillance Information sheet No.117.",,727,174,10.5,N,3.4,0.5,2.9,2.6,15.3,1.08,Fish and fish products,Animal-based foods,Fish paste,1 small jar,35g,,35.0,g,1.0
12-393,"Sorbet, fruit","10 samples, assorted flavours",BP,12-216 50-273 ,"Reviewed 2013. ADAS Laboratories, Nutrient analysis of ice creams and desserts, 1999",,426,100,0.3,N,23.7,22.3,0,1,0.2,0.03,Fruit,Plant-based foods,Fruit tartiflan,average portion,95g,,95.0,g,1.0
11-989,"Crumpets, toasted",9 samples,AP,11-535 ,"LGC, Nutrient analysis of bread and morning goods, 1999; and industry data, 2013",,894,211,1.0,0.1,41.5,3,38.5,3.1,7.5,2.57,Uncategorized,Other,toasted,18g,,,,,1.0
17-358,Cream of tartar,As potassium tartrate,WY,,"Miscellaneous Foods Supplement, 1994",,2,0,0.0,0,0,0,0,0.2,0.0,0,Uncategorized,Other,Cream horn,,60g,,60.0,g,1.0
12-525,"Cheese, Feta","18 samples, made from sheeps and goats milk",BL,12-356 ,"Milk Products and Eggs Supplement, 1989; and industry data, 2013. Selenium from Analysis of foods for Selenium 1994 MAFF Project 2B006",,1032,249,20.2,13.7,1.4,1.4,0,0,15.3,2.5,Uncategorized,Other,cheese,30g,,,,,1.0
12-408,"Torte, fruit","8 samples, 5 brands including lemon, raspberry and passion fruit",BR,11-423 ,"Reviewed 2013. RHM, Nutrient content of selected foods, 1995; fatty acids as FA supplement (1998) 11-423",,1089,261,15.5,9.35,26,16.7,9,1.2,3.8,0.22,Fruit,Plant-based foods,Fruit tartiflan,average portion,95g,,95.0,g,1.0
16-449,Taramasalata,10 assorted samples. Greek dish based on cod's roe,JR,16-307 ,"Fish and Fish Products Supplement, 1993; and industry data, 2013. Additional fatty acid data from a different sample with slightly different fatty acid profile is available in Fatty Acid Supplement, 1998 (16-313)",,2128,516,52.9,4.1,6.7,1.1,5.6,0.3,3.2,1.13,Uncategorized,Other,Taramasalata,"average portion, 1 tablespoon",45g,,45.0,g,1.0
17-517,Yeast extract,Mixed sample including Marmite and own brands,WY,17-380 50-1179 ,"As Miscellaneous Foods Supplement 17-380 with folate from LGC 'Individual folates in foodstuffs' 1996, Food Surveillance Information Sheet No.92",,793,187,0.4,0.04,3.4,1.7,1.7,0,42.4,10.75,Uncategorized,Other,Yeast extract,see Marmite,,,,,1.0
17-694,Twiglets,"20 samples, savoury wholewheat sticks",SN,17-150 ,"LGC, Survey of the composition of savoury snacks and nuts, 1993; industry data, 2013; and Fatty Acid Supplement, 1998",,1744,415,11.8,1.6,57.6,0.6,57,12.4,13.5,2,Uncategorized,Other,Twiglets,,25g/50g/l00g,,0.0,g,1.0
19-496,Ham,"10 samples, 9 brands; loose and prepacked including honey roast and smoked Ham. Added water 10-15%",MAA,19-308 ,"LGC, Nutrient analysis of foods important in elderly people, 1994; and industry data, 2013",,452,107,3.3,1.1,1,1,0,0.1,18.4,2,Uncategorized,Other,Ham,average slice,23g,,23.0,g,1.0
11-739,Jaffa cakes,"10 samples, 6 products, including McVities, Lyons and own brands",AM,11-515 ,"Direct Laboratories, Nutrient analysis catch up project, 2003",,1527,362,8.5,4.33,65.7,49.6,14.8,1.5,4.9,0.21,Uncategorized,Other,Jaffa cakes,,13g,,13.0,g,1.0
14-207,"Physalis, fruit only","Literature sources, Cape gooseberry",FA,,"Gopalan et al. (1980) Nutritive value of Indian foods, National Insitute of Nutrition, Indian Council of Medical Research",,285,68,0.2,0,11.1,11.1,0,4.2,1.8,0,Fruit,Plant-based foods,Fruit tartiflan,average portion,95g,,95.0,g,1.0
15-869,"Roulade, spinach",Recipe from dietary survey records,DR,15-587 ,Updated 2014,,746,180,13.3,7.33,4.4,1.9,2.5,1.1,10.1,0.67,Uncategorized,Other,Spinach,average serving,90g,,90.0,g,1.0
11-907,Wheatgerm,"4 samples, 3 products",AA,11-622 ,"LGC, Nutrient survey of flours and grains, 2005",,1624,386,8.4,1.13,41.4,15.3,26.1,13.9,29.3,0.01,Uncategorized,Other,Wheatgerm,1 tablespoon,,,,,1.0
17-377,"Water, distilled",Included for recipe calculation,WY,50-1186 ,"Reviewed 2013. Miscellaneous Foods Supplement, 1994",,0,0,0.0,0,0,0,0,0,0.0,0,Non-alcoholic beverages,Beverages,Mineral water,large,500g,,500.0,g,1.0
17-691,"Popcorn, candied",Estimated from 2013 label data,SN,17-130 ,"Industry data, 2013",,2023,484,23.8,N,55.8,14.3,41.5,9.5,6.9,0,Uncategorized,Other,Popcorn,caramel coated,25g/75g,,75.0,g,1.0
11-940,Rusks,"8 samples, 8 products",AK,11-161 11-162 11-163 11-164 ,Nutrient analysis of a range of processed foods with particular reference to trans fatty acids 2011,,1685,400,10.7,4.59,67.6,22.5,45.1,2.4,7.1,0.22,Uncategorized,Other,Rusks,"Boots, Original",6g,,6.0,g,1.0
11-001,Arrowroot,2 samples from different shops,AA,,"MW3, 1960. Reviewed 2014",,1471,346,0.1,0.02,85.5,0,85.5,0.9,0.4,0.01,Uncategorized,Other,"Arrowroot, thin",8g,,,,,1.0
17-339,Vinegar,"4 samples including malt, cider and wine vinegar",WY,50-1185 ,"Reviewed 2013. LGC, Analysis of assorted foods, 1994",,83,19,0.0,0,0.6,0.6,0,0,0.4,0.01,Uncategorized,Other,Vinegar,1 teaspoon,5g,,5.0,g,1.0
11-970,"Bagels, plain",2 brands,AP,11-534 ,"RHM, Nutrient content of selected foods, 1995; and industry data, 2013",,1159,274,1.8,0.36,52.9,4.7,46.6,3,10.0,1,Uncategorized,Other,Bagel plain,70g,,,,,1.0
17-114,Marshmallows,7 samples of different brands,SEC,,"Reviewed 2013. LGC, Nutritional analysis of foods for pre-school children, 1992",,1412,332,0.0,0,79.2,62,4.1,0,3.9,0.07,Uncategorized,Other,Marshmallows,each,5g,,5.0,g,1.0
14-844,Sesame seeds,"10 samples, with and without hulls",GA,50-944 14-858 ,"Reviewed 2013. LGC, Fatty acid composition of foods, 1987; and Fruit and Nuts Supplement, 1992",,2645,641,58.0,10.48,0.8,0.4,0.5,14.9,21.5,0.05,Nuts and seeds,Plant-based foods,with sesame seeds,3g,,,,,1.0
19-517,Salami,"22 samples including Danish, French, German and Italian. 90-100% meat",MI,19-110 ,"LGC, Analytical survey of meat products, 1990-1991; and industry data, 2013. Vitamin K1 from Bolton-Smith et al Br.J. Nutr.83, 2000",,1817,439,39.2,14.6,0.5,0.5,0,0.4,20.9,3.83,Uncategorized,Other,Salami,I small average slice (diameter 5cm),5g,,5.0,g,1.0
17-367,Salt,"2 samples, table salt",WY,50-1184 ,"Reviewed 2013. LGC, Analysis of assorted foods, 1994",,0,0,0.0,0,0,0,0,0,0.0,98.25,Uncategorized,Other,Salt,1 level teaspoon,5g,,5.0,g,1.0
13-336,Sauerkraut,"10 samples, 3 brands. Bottled and canned, drained",DR,,"Reviewed 2013. LGC, Canned and other processed vegetable products survey, 1985",,54,13,0.0,0,1.1,1.1,0,2.2,1.1,1.48,Uncategorized,Other,Sauerkraut,1 tablespoon,30g,,30.0,g,1.0
12-572,"Custard, confectioners'",Recipe,BR,12-421 ,Updated 2014,,654,155,3.8,1.52,23.4,18,5.4,0.3,6.7,0.19,Uncategorized,Other,Custard,average portion,120g,,120.0,g,1.0
13-876,Curry powder,2 retail samples,H,13-822 ,"Vegetables, Herbs and Spices Supplement, 1991. Water soluble vitamins from USDA SR26, 2013",,1230,296,10.8,1.75,23.7,0.6,23.1,33.2,9.5,1.13,Uncategorized,Other,Curry powder,1 level teaspoon,3g,,3.0,g,1.0
11-802,Shortbread,"10 samples, 7 products",AM,11-523 ,"DH, Nutrient analysis of biscuits, buns, cakes and pastries, 2011",,2162,517,29.0,17.45,57.1,14.9,42.3,2.2,5.9,0.8,Bakery products,Processed foods,shortbread,,15g,,15.0,g,1.0
17-824,Fruit pastilles,6 samples of different brands; assorted flavours,SEC,17-108 ,"Reviewed 2013. LGC, Nutritional analysis of foods for pre-school children, 1992",,N,N,0.0,0,60,56.9,3.1,N,2.8,0.08,Fruit,Plant-based foods,Fruit tartiflan,average portion,95g,,95.0,g,1.0
17-736,Tonic water,Literature sources,PCA,17-184 ,"Cutrufelli and Matthews (1986) Composition of foods: beverages, raw, processed and prepared. Agriculture Handbook No. 8-14, UK Department of Agriculture, Washington DC; and industry data, 2013",,95,22,0.0,0,5.6,5.6,0,0,0.0,0.01,Non-alcoholic beverages,Beverages,Mineral water,large,500g,,500.0,g,1.0
16-133,"Rock Salmon/Dogfish, raw",Data from Seafish Industry Authority and literature sources,JA,,"Fish and Fish Products Supplement, 1993",,703,168,9.7,1.4,0,0,0,0,20.3,0.3,Fish and fish products,Animal-based foods,Rock salmon (dogfish),"1 average portion in batter, fried,",,,,,0.9759787579761764
17-116,"Peanut brittle, homemade",Recipe,SEC,,"Miscellaneous Foods Supplement, 1994",,2067,492,19.0,5.3,70.7,68.7,1.9,2,8.6,0.28,Nuts and seeds,Plant-based foods,Peanut brittle,bar,58g,,58.0,g,0.9745831607279176
11-1111,"Rum baba, homemade",Recipe,AP,11-672 ,Updated 2014,,944,225,7.7,1.94,30.9,18.8,12.1,0.9,4.1,0.15,Uncategorized,Other,Rum Baba,,198g,,198.0,g,0.9745831607279176
11-1036,"Brandy snaps, homemade",Recipe,AM,11-634 ,Recalculated 2014,,2073,495,22.5,14.16,68.2,48.2,20,1.2,3.0,0.68,Uncategorized,Other,Brandy snaps,15g,,,,,0.9738350885115099
17-830,"Peppermint creams, homemade",Recipe,SEC,17-587 ,Updated 2014,,1580,372,0.0,0,92.2,91.3,0.9,0,0.7,0.06,Uncategorized,Other,Peppermint creams,not chocolate covered,6g,,6.0,g,0.9737488135549381
11-1126,"Treacle tart, homemade",Recipe,AS,11-602 ,Updated 2014,,1627,388,15.9,5.84,56.1,33,23.1,1.7,4.2,0.65,Uncategorized,Other,Treacle tart,individual,35g,,35.0,g,0.972213233591583
13-297,"Mustard and cress, raw",Leaves and cut stems,DG,50-788 ,"Reviewed 2013. IFR, The nutritional composition of retail vegetables in the UK, 1984-1987; Vitamin K1 from Bolton-Smith et al Br.J.Nutr. 83, 2000",,69,17,0.6,0,0.4,0.4,0,1.6,1.6,0.05,Uncategorized,Other,Mustard and cress,1 tablespoon,5g,,5.0,g,0.9700187986139415
12-232,"Fruit fool, homemade",Recipe,BR,12-913 ,As Milk Products and Eggs Supplement (1989) 12-232. Fatty acid data is available for commercial fruit fool in Fatty Acid Supplement 12-913 (obsoleted) but is not comparableto this code.,,702,168,9.3,5.8,19,15.3,3.7,1.2,1.0,0.03,Fruit,Plant-based foods,Fruit fool,average portion,120g,,120.0,g,0.9695038962401072
17-786,"Coconut ice, homemade",Recipe,SEC,17-589 ,Updated 2014,,1595,379,12.3,10.54,63.9,63.9,0,2.6,1.9,0.04,Nuts and seeds,Plant-based foods,Coconut ice,,125g,,125.0,g,0.9685339287999007
19-572,"Corned beef hash, homemade",Recipe,MR,19-389 ,Updated 2014,,600,143,5.9,3.26,11.4,2,9.5,1.3,10.4,0.8,Uncategorized,Other,Corned beef,"1 slice, thin",38g,,38.0,g,0.9672451522762173
19-058,"Pie, game, homemade",Recipe,MI,,"As Meat Products and Dishes Supplement, 1996.",,1589,381,22.5,7.9,31.7,3.3,28.4,1.3,12.2,1.08,Uncategorized,Other,Game pie,average slice,175g,,175.0,g,0.9499208105768003
12-397,"Creme caramel, retail","9 samples, 4 brands",BR,12-220 12-875 50-275  ,"Reviewed 2013. Milk Products and Eggs Supplement (1989) 12-220 and FA Supplements (1998) 12-875 with vitamin E from Milk Marketing Board, 1992 'Fat, Fatty acids and vitamin E content of a selection of biscuits, cakes and desserts'",,N,N,1.6,0.89,19.7,17.3,2.4,N,2.9,0.18,Uncategorized,Other,Creme caramel,,90g,,90.0,g,0.9415918437872954
11-1146,"Yorkshire pudding, made with whole milk",Recipe,AT,11-607 ,Recalculated 2014,,889,212,9.8,2.78,23.5,3.2,20.3,1.1,6.9,0.13,Milk and milk products,Animal-based foods,Yorkshire pudding,average portion,80g,,80.0,g,0.9412154012805192
11-1053,"Cake, coconut, homemade",Recipe,AN,11-643 ,Updated 2014,,1787,427,22.1,10.44,48.7,20.3,28.5,2.6,7.1,0.97,Nuts and seeds,Plant-based foods,Coconut cake,average slice,40g,,40.0,g,0.9410971350277424
19-518,"Scotch eggs, retail","10 samples, 8 brands",MI,19-320 ,"MW5, 1991; LGC, Survey of dietary oils and fats, 1981-1982; and industry data, 2013",,1012,243,16.0,4.3,11.9,0,11.9,1.7,12.0,0.83,Uncategorized,Other,Scotch eggs,see Egg and egg dishes,,,,,0.9361355510868358
11-003,"Barley, pearl, boiled","2 samples from different shops, boiled in water",AA,,"MW4, 1978. Reviewed 2014",,548,130,0.6,0.09,25.5,0.4,25.1,5.4,2.9,0,Oils and fats,Other,"Barley, pearl boiled, 1 tablespoon",20g,,,,,0.9345760092137861
12-594,"Peach melba, homemade",Recipe,BP,12-451 ,Updated 2014,,682,164,10.5,6.65,15.2,14.6,0.5,0.4,1.7,0.1,Uncategorized,Other,Peach,1 raw small without stone,70g,,70.0,g,0.933106011567065
15-659,"Ratatouille, homemade",Recipe adapted from literature sources,DR,15-571 ,Recalculated 2013,,357,86,7.0,0.88,3.7,3.3,0.2,1.7,1.3,0.01,Uncategorized,Other,Ratatouille,1 tablespoon,30g,,30.0,g,0.933106011567065
12-606,"Kulfi, homemade",Indian ice cream. Recipe,BP,12-450 ,Updated 2014,,1902,460,42.4,24.22,13.4,13.2,0.2,0.5,5.9,0.14,Uncategorized,Other,Kulfi,"Indian ice-cream, average",80g,,80.0,g,0.933106011567065
11-1079,"Gingerbread, homemade",Recipe,AN,11-644 ,Updated 2014,,1587,377,11.3,3.74,62,33.5,28.5,1.7,6.0,0.63,Bakery products,Processed foods,Gingerbread man,,50g,,50.0,g,0.9288389220605231
17-814,"Nougat, homemade",Recipe,SEC,17-592 ,Updated 2014,,1783,423,10.2,1.61,76.5,76.1,0.4,1.1,5.7,0.29,Uncategorized,Other,Nougat,large bar,114g,,114.0,g,0.9288389220605231
11-1100,"Oatcakes, homemade",Recipe,AM,11-639 ,Updated 2014,,1765,421,15.9,6.76,55.8,0.4,55.5,6.8,10.2,0.44,Uncategorized,Other,Oatcakes,round,13g,,13.0,g,0.9288389220605231
13-673,"Watercress, raw","11 samples, UK and imported",DG,13-653,"PHE, Nutrient analysis of fresh and processed fruit and vegetables with respect to fibre, 2017",,55,13,0.3,0.09,0,0,0,1.5,1.9,0.09,Non-alcoholic beverages,Beverages,Watercress,quarter of a bunch,20g,,20.0,g,0.926067751187723
19-625,"Salmis of pheasant, homemade",Recipe,MR,,Updated 2014,,443,106,5.6,N,2.2,1.4,0.8,0.4,9.9,0.55,Uncategorized,Other,Pheasant,see game,,,,,0.9252529249710085
16-263,"Squid, raw",Analytical and literature sources,JM,,"Fish and Fish Products Supplement, 1993",,324,77,1.7,0.4,0,0,0,0,15.4,0.28,Uncategorized,Other,Squid,1 average portion cooked squid,65g,,65.0,g,0.9214075423991401
12-517,"Meringue, homemade",Without cream. Recipe,BR,12-414 ,Updated 2013,,1662,391,0.0,0,91.4,91.4,0,0,6.3,0.28,Uncategorized,Other,Meringue,with cream,,,,,0.9193337597732009
14-053,"Blackcurrants, raw","Whole fruit, stalks removed",FA,50-872 ,"MW1, 1940; and Fruit and Nuts Supplement, 1992",,201,48,0.0,0,6.7,6.7,0,3.6,0.9,0.01,Uncategorized,Other,Blackcurrants,5 raw,2g,,2.0,g,0.9174961477291025
13-277,"Marrow, parwal, raw",5 samples. Ends trimmed,DG,,"Vegetables, Herbs and Spices Supplement, 1991",,75,18,0.0,0,1.6,0.4,1.2,2.6,1.6,0.01,Uncategorized,Other,Marrow,average serving,65g,,65.0,g,0.9174961477291025
16-143,"Skate, raw",Data from Seafish Industry Authority and literature sources,JA,,"Fish and Fish Products Supplement, 1993",,382,90,0.4,0,0,0,0,0,21.6,0.3,Uncategorized,Other,Skate,"1 average large wing, grilled",290g,,290.0,g,0.9174961477291025
16-218,"Sprats, raw","10 samples from assorted outlets, purchased whole",JC,392,"LGC, Nutritional survey fish and fish products, 1986-1987",,718,172,11.0,2.2,0,0,0,0,18.3,0.5,Uncategorized,Other,Sprats,"I portion sprats, fried or grilled with",,,,,0.9174961477291025
16-497,"Mussels, raw",Purchased alive,JM,16-255 ,"Fish and Fish Products Supplement, 1993; Fe and K calculated from (16-390)",,272,64,1.8,0.4,0,0,0,0,12.1,0.73,Uncategorized,Other,Mussels,"1 mussel, no shell",7g,,7.0,g,0.9174961477291025
14-388,"Blackberries, raw","11 samples, UK and imported",FA,14-048,"PHE, Nutrient analysis of fresh and processed fruit and vegetables with respect to fibre, 2017",,216,51,0.2,0,5.6,5.6,0,3.4,1.1,0,Uncategorized,Other,Blackberries,1 raw,5g,,5.0,g,0.9174961477291025
13-274,"Marrow, raw","Flesh only, seeds removed",DG,50-780 ,"IFR, The nutritional composition of retail vegetables in the UK, 1984-1987",,58,14,0.2,0,2.2,2.1,0.1,0.6,0.5,0,Uncategorized,Other,Marrow,average serving,65g,,65.0,g,0.9174961477291025
14-375,"Raspberries, raw","11 samples, mixture of UK and imported",FA,14-244,"PHE, Nutrient analysis of fresh and processed fruit and vegetables with respect to fibre, 2017",,167,40,0.3,0.1,5.1,5.1,0,3.7,0.8,0,Uncategorized,Other,Raspberries,1 raw,,,,,0.9174961477291025
19-128,"Corned beef, canned","10 samples, 4 brands",MI,50-507  ,"Reviewed 2013. Meat Products and Dishes Supplement, 1996; and LGC, Survey of dietary oils and fats, 1981-1982. Vitamin K1 from Bolton-Smith et al Br.J. Nutr.83, 2000. Reviewed in 2013",,859,205,10.9,5.7,1,1,0,0,25.9,2.15,Uncategorized,Other,Corned beef,"1 slice, thin",38g,,38.0,g,0.9162215381542509
17-683,"Fudge, homemade",Recipe,SEC,17-518 ,Updated 2013,,1849,439,13.1,8.29,76.9,76.9,0,0,3.4,0.39,Uncategorized,Other,Fudge,"no additions, 1 inch square",Jig,,,,0.9144632105428074
13-164,"Beetroot, raw","Top and root trimmed, peeled",DG,50-741 ,"IFR, The nutritional composition of retail vegetables in the UK, 1984-1987",,176,42,0.1,0,7.2,6.7,0.5,2.6,1.7,0.17,Uncategorized,Other,Beetroot,1 small whole,35g,,35.0,g,0.914089482419109
13-157,"Asparagus, raw",Tough base of stems removed,DG,50-737 ,"Reviewed 2013. IFR, The nutritional composition of retail vegetables in the UK, 1984-1987",,120,29,0.6,0.1,2,1.9,0.1,1.7,2.9,0,Uncategorized,Other,Asparagus,5 spears,125g,,125.0,g,0.914089482419109
13-636,"Celery, raw","11 samples, UK, including whole heads, hearts and sticks, stem only",DG,13-451,"PHE, Nutrient analysis of fresh and processed fruit and vegetables with respect to fibre, 2017",,48,12,0.1,0,1.4,1.4,0,1.5,0.5,0.19,Uncategorized,Other,Celery,1 stick,30g,,30.0,g,0.914089482419109
11-1123,"Tartlets, strawberry, homemade",Recipe,AP,11-678 ,Updated 2014,,865,207,10.1,6.18,25.2,7.4,17.8,2.2,2.6,0.22,Uncategorized,Other,Strawberry,1 raw,12g,,12.0,g,0.9122952967366862
17-715,"Dressing, blue cheese","7 samples, 2 brands",WCG,17-300 ,"LFRA, Nutrient analysis of miscellaneous foods, 1992; and industry data, 2013. Fatty acids calculated from Fatty Acid Supplement, 1998 and phytosterols from Fatty Acid Supplement, 1998",,1535,372,35.9,6.59,9.6,7.7,1.9,1.3,1.9,2.1,Uncategorized,Other,Blue cheese dressing 1 tablespoon,25g,,,,,0.9114834058585504
11-990,"Cakes, crispie, homemade",Chocolate recipe,AN,11-576 ,Recalculated in 2013,,1950,464,18.0,10.64,69,41.1,27.9,2.1,5.6,0.42,Snack foods,Processed foods,Pontefract cakes,each,4g,,4.0,g,0.9065432630124962
11-798,"Biscuits, ginger nuts","10 samples, 8 products",AM,11-514 ,"DH, Nutrient analysis of biscuits, buns, cakes and pastries, 2011",,1879,447,15.7,7.26,70.1,30.1,40,2.2,5.3,1.07,Nuts and seeds,Plant-based foods,Ginger nuts,,lOg,,,,0.9012704322700522
13-300,"Okra, raw",Analysis and literature sources. Ends trimmed,DG,50-789 ,"Reviewed 2013. IFR, The nutritional composition of retail vegetables in the UK, 1984-1987",,159,38,1.0,0.3,2.8,2.4,0.5,4,2.5,0.02,Uncategorized,Other,Okra,"ladies fingers, bhindi, 1 medium",5g,,5.0,g,0.9011976252681555
13-161,"Aubergine, raw",Ends trimmed,DG,50-739 ,"Reviewed 2013. IFR, The nutritional composition of retail vegetables in the UK, 1984-1987. Vitamin K1 from Bolton-Smith et al Br.J. Nutr.83, 2000",,84,20,0.4,0.1,2.2,2,0.2,2,0.9,0.01,Uncategorized,Other,Aubergine,"half including skin, cooked",130g,,130.0,g,0.8952956542037949
12-546,"Coffeemate, whitener powder",Analysis and manufacturer's data (Carnation),BAR,12-027 ,"Milk Products and Eggs Supplement, 1989; Vitamin K1 from Bolton-Smith et al Br.J. Nutr. 83, 2000",,2222,533,34.5,26,53.5,9.2,0,0,2.1,1,Non-alcoholic beverages,Beverages,Coffee whitener powder,1 teaspoon,3g,,3.0,g,0.8906960278910505
15-726,"Courgettes with eggs, homemade",Recipe. Greek dish,DR,15-446 ,Updated 2014,,468,113,9.7,1.66,2.1,2,0.1,0.9,3.9,0.07,Uncategorized,Other,Eggs,"Cadbury's caramel egg, each",40g,,40.0,g,0.8884986940284202
13-293,"Mushrooms, oyster, raw",Literature sources,DG,,"Vegetables, Herbs and Spices Supplement, 1991",,70,17,0.2,0,0,0,0,2.3,1.0,0.19,Uncategorized,Other,Mushrooms,"button, raw, 1 small",5g,,5.0,g,0.8870798465381846
16-199,"Orange roughy, raw",Literature sources,JC,,"Fish and Fish Products Supplement, 1993",,509,122,7.0,0.3,0,0,0,0,14.7,0.19,Uncategorized,Other,Orange,1 raw small without skin,120g,,120.0,g,0.8841891592994251
13-512,"Cauliflower, raw","22 samples, autumn and winter, UK grown and imported, pre-packed and loose",DG,13-215 ,"DH, Nutrient analysis of fruit and vegetables, 2013",,174,41,0.4,0.09,4.3,2.9,0.2,1.8,2.5,0.02,Uncategorized,Other,Cauliflower,I floret,lOg,,,,0.8814704331840368
11-952,"Biscuits, gingernut, homemade",Recipe,AM,11-625 ,Updated 2014,,1950,465,19.8,12.27,65.7,31.7,34,2.1,4.9,1.57,Nuts and seeds,Plant-based foods,Lincoln biscuits,,8g,,8.0,g,0.8801806528529927
12-815,"Eggs, quail, whole, raw",Analytical and literature sources,CA,12-881 ,"Posati and Orr (1979) Composition of foods, dairy and egg products, raw, processed and prepared. Agr. Handbook No 8-1. As Milk Products and Eggs Supplement 12-815, with fatty acids from Fatty Acids Supplement 12-881",,630,151,11.1,3.1,0,0,0,0,12.9,0.35,Uncategorized,Other,Eggs,"Cadbury's caramel egg, each",40g,,40.0,g,0.8776624597121669
11-904,"Wheat, bulgur, raw","6 samples, 6 products",AA,11-007 ,Flours and grains project 2005,,1527,361,2.0,0.28,70.7,1,66.1,6.7,11.6,0.01,Uncategorized,Other,Kracka wheat,,7g,,7.0,g,0.875277043361043
11-1090,"Cake, lardy, homemade",Recipe,AN,11-645 ,Updated 2014,,1553,370,15.7,6.44,48.9,9,39.8,2.3,7.3,0.05,Uncategorized,Other,Eccies cake,,45g,,45.0,g,0.8738505170274715
17-038,"Oil, olive",Mean of 35 samples; including virgin and extra virgin olive oil,OC,50-324  ,"Reviewed 2013. Miscellaneous Foods Supplement, 1994; and Fatty Acids Supplement, 1998. Vitamin K1 from Bolton-Smith et al Br.J. Nutr.83, 2000",,3696,899,99.9,14.3,0,0,0,0,0.0,0,Oils and fats,Other,Olive,"without stone, stuffed olive",3g,,3.0,g,0.8737944812571045
17-048,"Oil, wheatgerm",Mean of 35 samples,OC,50-334 17-440 ,"Miscellaneous Foods Supplement, 1994; and Fatty Acids Supplement, 1998",,3696,899,99.9,18.6,0,0,0,0,0.0,0,Oils and fats,Other,Wheatgerm,1 tablespoon,,,,,0.8737944812571045
12-601,"Trifle, with Dream Topping","Recipe, substituting 25g of made up dream topping for 25g double cream",BR,12-432 ,Updated 2014,,641,153,5.9,3.37,20.6,16.5,4.1,0.4,2.9,0.2,Uncategorized,Other,Dream Topping,on fruit or cake,15g,,15.0,g,0.8702890418396665
12-174,"Cheese, Quark","Skimmed milk soft cheese (Magerquark), 10 samples",BL,,"Milk Products and Eggs Supplement, 1989",,308,72,0.0,0,3.8,3.8,0,0,14.3,0.11,Uncategorized,Other,Quark,I heaped tablespoon,55g,,55.0,g,0.8697417642133392
13-845,"Parsley, dried",Literature sources,H,,"Marsh et al. (1977) Composition of foods: spices and herbs, raw, processed and prepared, Agriculture Handbook No. 8-2",,986,237,7.0,1.38,14.3,12.4,1.9,26.9,15.8,0.45,Uncategorized,Other,Parsley,"dried, I level teaspoon",Ig,,,,0.8673763752675575
16-267,"Squid, dried",Literature sources and calculation from raw,JM,,"Wu Leung et al (1972) Food composition table for use in East Asia,  and calculation from raw",,1247,295,4.6,1,0,0,0,0,63.3,2.35,Uncategorized,Other,Squid,1 average portion cooked squid,65g,,65.0,g,0.8673763752675575
14-846,"Sunflower seeds, toasted",Calculated from 14-845,GA,,"LGC, Fatty acid composition of foods, 1987; and Fruit and Nuts Supplement, 1992; fatty acids calculated from 14-859",,2607,629,49.2,6.8,16.9,1.7,15.2,11.1,24.1,0.01,Nuts and seeds,Plant-based foods,Sunflower seeds,1 tablespoon,16g,,16.0,g,0.8672322128578536
17-247,"Spirits, 40% volume","Mean of brandy, gin, rum, whisky and vodka",QK,50-1122 ,"Reviewed 2013. MW5, 1991. Vitamin K1 from Bolton-Smith et al Br.J. Nutr. 83, 2000. Additional data from 50-1122",,919,222,0.0,0,0,0,0,0,0.0,0,Uncategorized,Other,40% volume,,0.950,,,,0.8660254037844386
12-402,"Mousse, fruit","8 samples, assorted flavours, fresh",BR,50-286 12-246 ,"Reviewed 2013. Milk Products and Eggs Supplement, 1989; fats and vitamin E from Milk Marketing Board, 1992 'Fat, Fatty acids and vitamin E content of a selection of biscuits, cakes and desserts'.",,N,N,6.4,4.11,17.4,17.4,0,N,4.4,0.16,Fruit,Plant-based foods,mousse,Boots,lOOg,,,,0.8615191854267784
12-602,"Welsh rarebit, homemade",Recipe,BV,12-458 ,Updated 2014,,1655,398,28.4,17.38,20.9,2.3,18.6,1.2,14.1,1.48,Uncategorized,Other,Welsh rarebit topping only,40g,,,,,0.8592634844466082
11-1107,"Porridge, made with water",Recipe. Ref. Wiles et al. (1980),AI,11-569 ,Updated 2014,,205,49,1.0,0.16,8,0,8,1,1.4,0,Non-alcoholic beverages,Beverages,Porridge,"made up weight,",,,,,0.8561746658275179
14-815,"Chestnuts, dried",Literature sources and calculation from 14-813,GA,,"McCarthy and Matthews (1984) Composition of foods: nut and seed products, raw, processed and prepared, Agriculture Handbook No. 8-12, and calculation from 14-813",,1428,339,5.1,0.9,63.3,12.6,50.7,11.3,4.3,0.05,Nuts and seeds,Plant-based foods,Chestnuts,"5 whole, peeled",50g,,50.0,g,0.8561635073413484
14-894,"Peanuts, raisins and chocolate chips","Calculated using 38% peanuts, 37% raisins and 25% milk chocolate",GA,14-835 ,Updated 2014,,1953,468,25.4,8.02,43.5,41.3,2.2,4.7,13.8,0.11,Nuts and seeds,Plant-based foods,Peanuts and raisins,1 handful,40g,,40.0,g,0.853162241915532
13-639,"Asparagus, grilled","Calculated from steamed. Water and fat analysed, 2017. 7 samples, fresh, imported, including tips and thicker stems. Tough base of stems removed, grilled for 4-6 minutes",DG,,"PHE, Nutrient analysis of fresh and processed fruit and vegetables with respect to fibre, 2017",,122,29,0.4,0.06,2,2,0,1.6,3.5,0.01,Uncategorized,Other,Asparagus,5 spears,125g,,125.0,g,0.8519723645807509
16-249,"Shrimps, dried",5 packets from Chinese supermarkets. Shrimps and prawns,JK,,"Fish and Fish Products Supplement, 1993",,1038,245,2.4,0.4,0,0,0,0,55.8,10.83,Uncategorized,Other,Shrimps,"potted, average portion",50g,,50.0,g,0.8515552630935515
17-777,Liquorice allsorts,"7 samples, 4 brands",SEC,17-112 ,"Reviewed 2013. LGC, Nutritional analysis of foods for pre-school children, 1992; fatty acids from 17-446",,1433,339,5.2,3.6,68.4,59.8,8.5,2,3.7,0.14,Uncategorized,Other,Bassett's liquorice Allsorts,box,115g,,115.0,g,0.8509836860058647
17-336,"Sauce, sweet and sour, take-away","7 samples purchased from Chinese restaurants, sundry-style dipping sauce",WCN,,"LFRA, Nutrient analysis of miscellaneous foods, 1992",,N,N,3.4,N,31.9,27.1,4.8,N,0.2,0.38,Sugars and confectionery,Processed foods,Sweet 'n' sour sauce,average portion,150g,,150.0,g,0.8488827739485698
17-031,"Oil, coconut",Mean of 35 samples,OC,50-320  ,"Reviewed 2013. Miscellaneous Foods Supplement, 1994; and Fatty Acid Supplement, 1998. Vitamin K1 from Bolton-Smith et al Br.J. Nutr.83, 2000",,3696,899,99.9,86.5,0,0,0,0,0.0,0,Nuts and seeds,Plant-based foods,Coconut pyramid,,25g,,25.0,g,0.848299953546232
17-746,"Fruit juice, mixed","Estimated from apple and orange juice and industry data, 2013",PE,,"DH, Nutrient analysis of fruit and vegetables, 2013; and industry data, 2013",,164,39,0.0,0,8.2,8.2,0,0.8,0.4,0.01,Fruit,Plant-based foods,Fruit Juice,average glass,160g,,160.0,g,0.8479955383704209
19-669,"Pork, sweet and sour, made with sweet and sour cook in sauce",Recipe,MR,19-633,Updated 2020,,632,150,4.9,1.11,11,9.8,1.3,0.4,15.3,0.41,Sugars and confectionery,Processed foods,Sweet 'n' sour sauce,average portion,150g,,150.0,g,0.8468281890571501
13-117,"Beans, sword, raw",Literature sources,DB,,"Vegetables, Herbs and Spices Supplement, 1991",,193,46,0.3,0.06,7.2,5.8,1.4,2,2.6,0.07,Legumes,Plant-based foods,Mean Beans,,21g,,21.0,g,0.8457789920307389
13-100,"Beans, papri, raw",Ends trimmed; 5 samples,DB,,"Vegetables, Herbs and Spices Supplement, 1991",,233,56,0.3,0.06,4,1.8,2.2,7.7,5.4,0,Legumes,Plant-based foods,Mean Beans,,21g,,21.0,g,0.8457789920307389
14-393,"Raisins, dried","10 samples, 10 products, not including soft, ready-to-eat, or partially hydrated",FA,14-242,"PHE, Nutrient analysis of fresh and processed fruit and vegetables with respect to fibre, 2017",,1176,277,1.0,0.15,62.6,62.6,0,2.7,3.0,0.04,Uncategorized,Other,raisins,each,Ig,,,,0.8435952123853755
11-1127,"Brownies, chocolate, homemade",Recipe,AN,,Updated 2014,,2140,513,30.8,16.43,51.4,43.9,7.5,1.7,6.7,0.47,Uncategorized,Other,Chocolate cupcake,,40g,,40.0,g,0.8383457989437442
13-177,"Brussels sprouts, raw","Base trimmed, outer leaves removed",DG,50-746 ,"Reviewed 2013. IFR, The nutritional composition of retail vegetables in the UK, 1984-1987. Vitamin K1 from Bolton-Smith et al Br.J. Nutr.83, 2000",,214,51,1.4,0.3,4,3.1,0.7,4.1,3.5,0.02,Uncategorized,Other,Brussels sprouts,"average serving, 9 sprouts",90g,,90.0,g,0.8380229396576686
13-609,"Sweetcorn, dried",Calculated from raw sweetcorn (13-508),DI,17-418 ,"DH, Nutrient analysis of fruit and vegetables, 2013",,1172,280,7.1,0.93,33.1,9.4,23.1,14.6,13.5,0.01,Sugars and confectionery,Processed foods,Sweetcorn,"kernels only, 1 tablespoon",30g,,30.0,g,0.8368125254220367
17-356,Bicarbonate of soda,As sodium bicarbonate,WY,,"Miscellaneous Foods Supplement, 1994",,0,0,0.0,0,0,0,0,0,0.0,68.45,Uncategorized,Other,Soda bread 1 far!,,130g,,130.0,g,0.8357018252602846
14-259,"Sharon fruit, flesh only","7 samples, Persimmon",FA,,"LGC, Fruit and vegetables, 1989-1990",,384,91,0.0,0,18.6,18.6,0,5.9,0.8,0.01,Fruit,Plant-based foods,Sharon fruit,1 raw,hOg,,,,0.8354765674454983
14-892,"Peanut butter, smooth","10 samples, 3 brands",GA,14-876 ,"Reviewed 2013. MW4, 1978; and industry data, 2013. Fatty acids from Fatty Acid Supplement, 1998 (14-865)",,2620,632,51.8,12.78,12.2,6.4,5.8,6.6,26.1,0.88,Nuts and seeds,Plant-based foods,Peanut butter,thickly spread on one slice,20g,,20.0,g,0.8325466252425362
14-396,"Pineapple, dried",Calculated from 14-376,FA,14-210,"PHE, Nutrient analysis of fresh and processed fruit and vegetables with respect to fibre, 2017",,1492,352,0.7,0,74,74,0,8,3.3,0,Uncategorized,Other,pineapple,60g,,,,,0.8308557473097565
12-237,"Jelly, made with water",Recipe,BR,50-282 ,"Reviewed 2013. Milk Products and Eggs Supplement, 1989",,271,64,0.0,0,14.6,14.6,0,0,1.3,0.01,Non-alcoholic beverages,Beverages,Jelly animal,each,12g,,12.0,g,0.8307116264829465
17-343,"Chutney, mango, sweet","10 samples, 5 brands",WE,,"Reviewed 2013. LFRA, Nutrient analysis of miscellaneous foods, 1992",,839,198,0.1,0,47.8,45.4,2.4,1.4,0.7,3.25,Sugars and confectionery,Processed foods,"Chutney, mango 1 teaspoon",lOg,,,,,0.8282817593888392
11-1131,"Welsh cakes, homemade",Recipe,AN,11-649 ,Updated 2014,,1755,418,17.8,10.8,57.8,30.4,27.5,1.7,5.9,0.6,Uncategorized,Other,Welsh cakes,,28g,,28.0,g,0.8275527351269172
11-954,"Macaroni cheese, homemade",Recipe,AD,11-562 ,As MW6. Recalculated in 2013,,768,183,8.6,4.47,18,2.7,15.4,1.1,7.9,0.37,Uncategorized,Other,Macaroni cheese,average portion,300g,,300.0,g,0.8265114657356882
13-844,"Parsley, fresh",Tough stalks removed,H,50-846 ,"Reviewed 2013. IFR, The nutritional values of retail vegetables in the UK, 1984-1987. Vitamin K1 from Bolton-Smith et al, Br.J. Nutr 83, 2000",,183,44,1.3,0.16,2.7,2.3,0.4,5,2.9,0.08,Uncategorized,Other,Parsley,"dried, I level teaspoon",Ig,,,,0.8256218754848349
12-575,"Custard, made up with whole milk",Recipe,BR,12-412 ,Updated 2014,,480,114,4.2,2.64,15.2,10.6,4.6,0,3.9,0.17,Milk and milk products,Animal-based foods,Custard,average portion,120g,,120.0,g,0.8255614660614824
13-837,"Mint, dried",10 samples and calculation from fresh,H,,"LGC, Fruit and vegetables, 1989-1990",,1350,322,4.6,0.85,31.5,2.9,28.6,27.8,24.8,0.25,Uncategorized,Other,YoYo mint,,19g,,19.0,g,0.82551522693609
17-719,Chilli sauce,"8 samples; assorted types, including garlic chilli sauce",WC,17-294 ,"LFRA, Nutrient analysis of miscellaneous foods, 1992; and industry data, 2013",,193,46,0.8,0,7.3,6.9,0.4,2.2,1.3,3.13,Uncategorized,Other,Chilli con came,no rice,220g,,220.0,g,0.8229158342212813
11-975,"Bread, wheatgerm","7 samples, 4 brands, pre-packed, sliced",AF,11-467 ,"LGC, Nutrient analysis of bread and morning goods, 1999; and industry data, 2013. Iodine and Sulphur from 11-098 (1988)",,976,231,3.1,0.72,36.1,3.6,32.5,5.7,11.9,0.98,Bakery products,Processed foods,Wheatgerm,1 tablespoon,,,,,0.8226003307937116
11-838,"Eccles cakes, retail","10 samples, 6 products",AN,11-589 ,"DH, Nutrient analysis of biscuits, buns, cakes and pastries, 2011",,1587,379,18.3,9.4,47,33.6,13.4,3.6,4.8,0.55,Uncategorized,Other,Pontefract cakes,each,4g,,4.0,g,0.8214714619558496
13-881,"Pepper, white",Literature sources,H,13-848 ,"USDA SR26, 2013",,505,122,2.1,0.63,0.6,0.6,0,26.2,12.2,0.01,Uncategorized,Other,Pepper,1 level teaspoon,2g,,2.0,g,0.820986545356498
17-645,Corn snacks,"6 samples, 4 products, including Wotsits, Monster Munch and own label",SN,17-125 ,"DH, Nutrient analysis of a range of processed foods with particular reference to trans fatty acids, 2013",,2180,522,30.4,2.76,55.5,5.2,50.3,1.3,5.9,2.27,Snack foods,Processed foods,snacks,,35g,,35.0,g,0.8173853082403065
14-285,Passion fruit juice,Literature sources,FC,,"Gebhardt et al. (1982) Comoposition of foods: fruits and fruit juices, raw, processed and prepared, and Gopalan et al. (1980) Nutritive values of Indian foods",,238,56,0.1,0,10.6,10.6,0,0.2,0.8,0.05,Fruit,Plant-based foods,Passion fruit,"1 average, flesh and seeds only",15g,,15.0,g,0.8135944024270245
11-820,Cream crackers,"10 samples, 6 products",AM,11-510 ,"DH, Nutrient analysis of biscuits, buns, cakes and pastries, 2011",,1883,448,16.4,7.38,63.4,1.4,62,3.9,9.8,0.96,Uncategorized,Other,Hovis crackers,,7g,,7.0,g,0.8133508575246298
11-916,Cake rusks,"South Asian sweet bread, 6 samples, ethnic food store",AM,,"University of Leeds, Nutritional analysis of commonly consumed South Asian foods in the UK, 2007",,1894,453,23.1,8.08,51.7,23.4,28.3,1.6,8.7,0.9,Uncategorized,Other,Rusks,"Boots, Original",6g,,6.0,g,0.8127291124551991
11-548,"Pie, lemon meringue, retail","8 samples, 4 brands. Fresh and frozen",AS,11-316 50-161 ,"ADAS Laboratories, Nutrient analysis of ice creams and desserts, 1999",,1069,254,8.5,3.09,41.2,28.3,12.4,0.7,2.9,0.28,Uncategorized,Other,Lemon meringue pie,average slice,150g,,150.0,g,0.812208017949648
11-1058,"Tart, custard, large, homemade",Recipe,AP,11-655 ,Updated 2014,,1150,276,17.4,6.63,22.9,5.4,17.5,1.7,6.1,0.37,Uncategorized,Other,Custard tart,individual,94g,,94.0,g,0.8106294466127953
13-398,"Yam, baked",Literature sources and calculation from raw; baked 30 minutes,DG,,"Vegetables, Herbs and Spices Supplement, 1991",,654,154,0.4,0.1,34.1,0.9,33.2,3.1,2.1,0.01,Bakery products,Processed foods,Yam,"boiled, size of a medium potato",130g,,130.0,g,0.8100008749454246
11-825,"Minibreads, toasted, retail","10 samples, 6 products, including bruschettinne and crostini",AM,,"DH, Nutrient analysis of biscuits, buns, cakes and pastries, 2011",,1800,428,13.6,3.22,62.8,3.1,59.6,4.2,11.5,2.16,Bakery products,Processed foods,toasted,18g,,,,,0.8085276027177138
16-248,"Shrimps, frozen",10 packets from Chinese supermarkets. Shrimps and prawns,JK,50-642 ,"Fish and Fish Products Supplement, 1993",,310,73,0.8,0.1,0,0,0,0,16.5,0.95,Uncategorized,Other,Shrimps,"potted, average portion",50g,,50.0,g,0.8045187147564247
13-394,"Water chestnuts, raw",Literature sources,DG,,"Vegetables, Herbs and Spices Supplement, 1991",,223,53,0.2,0.03,9.9,4.8,5.1,3,1.4,0.03,Nuts and seeds,Plant-based foods,Chestnuts,"5 whole, peeled",50g,,50.0,g,0.8040579283759626
50-1173,"Tomato sauce, homemade",Recipe,WCN,,"AS MW5, 1991",,319,77,5.5,1.8,3.9,0,3.9,1.4,2.3,0.85,Uncategorized,Other,Tomato sauce,"average, with meatifishlpasta",90g,,90.0,g,0.8035064883352334
19-506,Meat spread,10 samples of a mixture of beef and ham based spreads. 70-90% meat,MI,19-139 ,"LGC, Analytical survey of meat products, 1990-1991; and industry data, 2013",,816,196,13.4,5.5,2.1,0.2,1.9,2.2,15.7,1.45,Meat and meat products,Animal-based foods,spread,medium,7g,,7.0,g,0.8030492274229205
17-417,"Spinach, dried",Calculated from raw spinach,DI,,"Miscellaneous Foods Supplement, 1994",,1044,250,6.9,0.9,13.5,12.7,0.8,18.2,24.3,3.05,Uncategorized,Other,Spinach,average serving,90g,,90.0,g,0.8027266409614158
14-871,"Brazil nuts, kernel only",10 samples,GA,14-808 14-856 50-974 ,"Reviewed 2013. LGC, Savoury snacks and nuts, 1989-1991; Fatty Acids Supplement, 1998; selenium from Analysis of foods for Selenium 1994",,2902,704,68.2,17.41,2.9,2.3,0.6,6.4,16.3,0.01,Nuts and seeds,Plant-based foods,Brazil nuts,3 whole,lOg,,,,0.8024678857050489
13-630,"Brussels sprouts, boiled in unsalted water","11 samples, UK, including standard, peeled and baby. Base trimmed and outer leaves removed, boiled for 4-10 minutes",DG,13-179,"PHE, Nutrient analysis of fresh and processed fruit and vegetables with respect to fibre, 2017",,164,39,0.4,0.09,4,3.6,0.3,3.2,3.1,0.01,Oils and fats,Other,Brussels sprouts,"average serving, 9 sprouts",90g,,90.0,g,0.7988673682134
13-833,Liquorice powder,Literature sources,H,,Chughtai and Khan (1960) Nutritive value of food-stuffs and planning of satisfactory diets in Pakistan,,N,N,1.7,N,N,N,N,N,6.3,N,Uncategorized,Other,Liquorice shoelace,each,6g,,6.0,g,0.7978086223410727
13-638,"Asparagus, steamed","11 samples, fresh, UK and imported, including tips and thicker stems. Tough base of stems removed, steamed for 3-18 minutes",DG,,"PHE, Nutrient analysis of fresh and processed fruit and vegetables with respect to fibre, 2017",,102,24,0.4,0.05,1.6,1.6,0,1.3,2.9,0.01,Non-alcoholic beverages,Beverages,Asparagus,5 spears,125g,,125.0,g,0.7959747328046421
19-113,"Black pudding, raw","8 samples, 6 brands",MI,336,"LGC, Analytical survey of meat products, 1990-1991",,1159,279,20.6,7.7,13.3,0,13.3,2,9.1,2.08,Uncategorized,Other,Black pudding,1 slice,30g,,30.0,g,0.7959399663746775
11-1001,"Bread, white, toasted",15 samples. Calculated using weight loss of 18%,AF,11-475 ,"White bread sliced from LGC, Nutrient analysis of bread and morning goods, 1999; and industry data, 2013",,1151,272,2.0,0.35,51.3,3.9,47.4,3,10.7,1.23,Bakery products,Processed foods,"Muffin white, toasted",68g,,,,,0.7949745975855329
16-371,"Fish fingers, pollock, grilled","10 samples, 6 products",JR,,"DH, Nutrient analysis of a range of processed foods with particular reference to trans fatty acids, 2013",,903,215,9.2,1.23,18.3,1.3,17,2,13.9,1,Fish and fish products,Animal-based foods,Fish fingers,"1 fish finger, fried or grilled",28g,,28.0,g,0.7918372096750992
17-122,"Turkish delight, without nuts",7 assorted samples,SEC,50-1033 ,"Reviewed 2013. MW5, 1991",,1321,311,0.0,0,77.1,68.6,8.5,0,0.6,0.08,Nuts and seeds,Plant-based foods,Turkish delight,1 square,15g,,15.0,g,0.7912294629076344
13-401,"Yam, steamed","Literature sources and calculation from raw, steamed 25 minutes",DG,,"Vegetables, Herbs and Spices Supplement, 1991",,493,116,0.3,0.1,25.7,0.7,25,2.3,1.6,0,Non-alcoholic beverages,Beverages,Yam,"boiled, size of a medium potato",130g,,130.0,g,0.790112329600754
15-878,"Salad, Waldorf","Recipe. Apple, walnut and celery with mayonnaise. Recipe from review of recipe collection",DR,15-596 ,Updated 2014,,829,200,17.8,1.53,7.8,7.8,0,1.1,1.7,0.08,Uncategorized,Other,Vegetable salad,"in mayonnaise, 1 tablespoon",45g,,45.0,g,0.7843898774109971
18-504,"Chicken breast/steak, coated, baked","8 samples, 7 products, breaded and battered",MCA,19-119 ,"DH, Nutrient analysis of a range of processed foods with particular reference to trans fatty acids, 2013",,982,234,11.6,1.78,14.4,1.2,13.3,0.8,17.7,1.17,Bakery products,Processed foods,Chicken breast steak,"in breadcrumbs, fried",JOOg,,,,0.7835051772900272
17-765,Mincemeat,10 samples of the same brand,SC,17-080 ,"Reviewed 2013. LGC, Nutritional composition of fruit products, 1985-1986",,1235,292,4.3,0.28,62.1,62.1,0,1.3,0.6,0.05,Meat and meat products,Animal-based foods,"Mincemeat Bruiee, Walls",,lO8g,,8.0,g,0.7831327328282249
13-873,Chilli powder,Literature sources,H,13-812 ,"USDA SR26, 2013",,1256,304,14.3,2.46,12.9,7.2,5.7,34.8,13.5,10,Uncategorized,Other,Chilli con came,no rice,220g,,220.0,g,0.7827090651453469
16-453,"Salmon en croute, retail",Calculated from manufacturers' proportions,JR,16-304 ,"Reviewed 2013. Fish and Fish Products Supplement, 1993",,N,N,19.1,N,16.4,0.9,15.5,N,12.1,0.48,Uncategorized,Other,Salmon,"1 average salmon steak, steamed or",,,,,0.7823915759838107
13-810,Celery seeds,Literature sources,H,,"Marsh et al. (1977) Composition of foods: spices and herbs, raw, processed and prepared, Agriculture Handbook No. 8-2",,1899,456,25.3,2.2,33,27,6,11.8,18.1,0.4,Nuts and seeds,Plant-based foods,Celery,1 stick,30g,,30.0,g,0.7779983621916752
19-476,"Bolognese sauce (with meat), homemade",Recipe,MR,19-352 ,Updated 2013,,683,164,11.6,4.2,2.8,2.6,0.1,0.7,11.8,0.45,Meat and meat products,Animal-based foods,Bolognese sauce,average portion,240g,,240.0,g,0.7763577978841804
17-744,Cranberry fruit juice drink,Manufacturers' data and literature,PE,17-537 ,"USDA 1998 and industry data, 2013",,199,47,0.0,0,11.5,11.5,0,0,0.0,0,Fruit,Plant-based foods,Rowntree fruit juice drink,257g,,,,,0.7759760138156966
13-836,"Mint, fresh",Literature sources,H,50-842 ,"Reviewed 2013. Vegetables, Herbs and Spices Supplement, 1991",,157,38,0.7,0.13,1.1,0.1,1,5.9,3.8,0.04,Uncategorized,Other,YoYo mint,,19g,,19.0,g,0.775420888974707
19-487,"Burger, Quarter Pounder with cheese, takeaway","Portion includes a quarter pound beefburger, ketchup, mustard, onions, pickles and slice of cheese",MBG,19-312 ,"Industry data (McDonald's), 2013",,1108,265,13.2,6.8,19.4,5.2,14.2,1.6,16.3,1.16,Uncategorized,Other,"quarter pounder with cheese, average",200g,,,,,0.7743359056394228
11-1125,"Cake, Swiss roll, homemade",Recipe,AN,11-648 ,Updated 2014,,1233,292,4.2,1.18,55.4,40.7,14.7,0.8,7.6,0.19,Uncategorized,Other,Swiss roll,average slice,30g,,30.0,g,0.7742951140821805
12-354,"Cheese, Danish blue",18 samples,BL,12-151 50-236 ,"Reviewed 2013. LGC, Nutrient analysis of cheese, 1999. Vitamin K1 Bolton-Smith et al, Br J Nutr, 83, 2000",,1411,341,28.9,19.13,0,0,0,0,20.1,3.05,Uncategorized,Other,Danish blue average portion,30g,,,,,0.7739934031621316
11-982,"Bread, wholemeal, toasted",Calculated using weight loss of 14.6%,AF,11-611 ,"LGC, Nutrient analysis of bread and morning goods, 1999; and industry data, 2013",,1141,270,2.9,0.54,44.9,3.1,41.8,8.2,12.1,1.18,Bakery products,Processed foods,"wholemeal, toasted",72g,,,,,0.7736207772463313
12-394,"Pie, banoffee","10 samples, 6 brands including two Mississippi mud pies",BR,,"Reviewed 2013. ADAS Laboratories, Nutrient analysis of ice creams and desserts, 1999",,1345,323,20.0,11.2,31,20,10.4,1.8,3.8,0.41,Uncategorized,Other,Chicken pie,individual,130g,,130.0,g,0.7722551707377421
12-573,"Custard, egg",Recipe,BR,12-454 ,Updated 2014,,402,96,3.4,1.57,10.4,10.4,0,0,5.9,0.18,Uncategorized,Other,Custard,average portion,120g,,120.0,g,0.7717507621521269
14-333,"Fruit salad, homemade","Recipe, including apples, oranges, bananas, kiwi fruit, grapes, strawberries, sugar and water",FA,14-303 ,Recipe from NDNS survey. Updated  2013,,284,67,0.3,0.06,14.1,13.8,0.3,1.4,0.7,0,Fruit,Plant-based foods,"Chews, fruit salad",each,4g,,4.0,g,0.7702086200657173
11-835,"Cake, battenberg, retail","10 samples, 4 products, including standard and mini cakes",AN,11-574 ,"DH, Nutrient analysis of biscuits, buns, cakes and pastries, 2011",,1517,360,9.9,3.08,62.6,54.4,8.3,1.5,4.4,0.34,Uncategorized,Other,Eccies cake,,45g,,45.0,g,0.769678200849183
14-329,"Orange juice, chilled","10 samples, 8  brand, premium and from concentrate including 'smooth' and 'with bits'",FC,14-301 ,"DH, Nutrient analysis of fruit and vegetables, 2013",,173,41,0.0,0,8.4,8.4,0,0,0.9,0,Non-alcoholic beverages,Beverages,Fresh orange juice,"1 orange, freshly squeezed",50g,,50.0,g,0.7667716173473564
19-479,"Stew, Irish, homemade",Recipe,MR,19-341 ,Updated 2013,,511,122,6.2,2.89,8.5,2,6.5,1.5,7.4,0.29,Uncategorized,Other,Irish stew,average portion,330g,,330.0,g,0.7655794660697604
12-389,"Lollies, with real fruit juice","10 samples, 6 brands, assorted flavours",BP,,"Reviewed 2013. ADAS Laboratories, Nutrient analysis of ice creams and desserts, 1999",,316,74,0.3,N,17.8,17,0,0,0.1,0.03,Fruit,Plant-based foods,Fruit Juice,average glass,160g,,160.0,g,0.7628827736172722
17-491,"Chocolate, plain","6 bars, 3 brands; 36-50% cocoa solids",SEA,17-090 50-1016  ,"Reviewed 2013. LGC, Nutritional analysis of foods for pre-school children, 1992; and Fatty Acid Supplement, 1998; selenium from 'Analysis of foods for Selenium' 1994. Vitamin K1 from Bolton-Smith et al, Br.J. Nutr 83, 2000",,2190,524,28.0,16.8,60.4,59.6,0.8,5.2,5.0,0.02,Uncategorized,Other,Bagel plain,70g,,,,,0.7611627302649357
19-136,"Luncheon meat, Chinese, steamed","10 samples from different shops, steamed for 15 minutes",MI,,"Meat Products and Dishes Supplement, 1996",,1097,265,22.3,8.7,4.1,0,4.1,0,11.9,1.7,Meat and meat products,Animal-based foods,Pork luncheon meat,"thinly sliced, 1 slice",14g,,14.0,g,0.7587685713741504
17-107,Fruit gums/jellies,"11 samples, 10 brands; assorted flavours",SEC,50-1026 ,"Reviewed 2013. LGC, Nutritional analysis of foods for pre-school children, 1992",,N,N,0.0,0,57.9,56.2,1.7,N,6.5,0.08,Fruit,Plant-based foods,"Fruit gums, Nestl Rowntree",tube,40g,,40.0,g,0.7563481739704212
17-690,"Chocolate, fancy and filled",10 samples of different brands,SEA,17-088 ,"Reviewed 2013. LGC, Nutritional analysis of foods for pre-school children, 1992; and Fatty Acids Supplement, 1998 (17-088)",,1863,445,21.3,11.3,57.7,57.5,0.2,1.3,4.9,0.22,Uncategorized,Other,"Chocolate fancy, Lyons",,25g,,25.0,g,0.7547441347850882
11-808,"Biscuits, iced","5 samples, 2 products, including Party Rings, Ice Gems",AM,,"DH, Nutrient analysis of biscuits, buns, cakes and pastries, 2011",,1719,408,10.8,4.98,72,42.5,29.5,0.6,5.3,0.69,Uncategorized,Other,Iced gems,per bag,30g,,30.0,g,0.753451071182667
16-398,"Kippers, flesh only, boil in the bag, with butter, cooked","9 samples, 7 products, frozen and chilled",JC,16-190 ,"DH, Nutrient analysis of fish and fish products, 2013",,805,193,13.2,2.96,0,0,0,0,18.6,2.15,Oils and fats,Other,Butter in 'boil in the bag',,15g,,15.0,g,0.7523305111356002
14-897,"Almonds, toasted",Literature sources,GA,14-803,"USDA SR28, 2015",,2555,618,52.5,4.09,5.6,4.9,0.7,10.9,25.3,0.01,Uncategorized,Other,Almonds,6 whole,13g,,13.0,g,0.7519364091127321
11-1135,"Yorkshire pudding, made with skimmed milk, homemade",Recipe,AT,11-713 ,Updated 2014,,803,191,7.4,1.23,23.6,3.3,20.3,1.1,7.0,0.14,Milk and milk products,Animal-based foods,Yorkshire pudding,average portion,80g,,80.0,g,0.751610721021877
11-1097,"Pudding, Queen of Puddings, homemade",Recipe,AS,11-705 ,Updated 2014,,N,N,7.6,4.08,33.5,27.3,6.2,N,5.1,0.37,Uncategorized,Other,General puddings,small,I20g,,20.0,g,0.7516019407177709
11-937,"Bread, garlic and herb, retail","10 samples, 10 products , frozen and chilled",AF,11-460 ,"DH, Nutrient analysis of a range of processed foods with particular reference to trans fatty acids, 2013",,1468,351,16.7,8.63,41,2.7,38.4,2.7,7.7,1.19,Bakery products,Processed foods,Garlic bread 1 slice,20g,,,,,0.7496700651778325
12-534,"Fromage frais, fruit, children's, fortified","Including Munch Bunch, Petits Filous, Muller Little Stars and other/own brands",BNS,12-908 ,Industry data 2013; and estimates from analytical data,,418,99,2.9,1.9,12.5,11.2,1.3,0.2,5.7,0.15,Fruit,Plant-based foods,Fromage frais,Baby Danone,60g,,60.0,g,0.7490480468513578
13-880,"Pepper, black",Literature sources,H,13-846 ,"USDA SR26, 2013",,511,124,3.3,1.39,0.6,0.6,0,25.3,10.4,0.05,Uncategorized,Other,Pepper,1 level teaspoon,2g,,2.0,g,0.7484313529107227
13-823,"Curry powder, mixed flavours","Homemade, literature sources",H,,"Wharton et al. (1983) Sorrento Asian food tables: food tables, recipes and customs of mothers attending Sorrento Maternity Hospital, Birmingham, England",,1539,370,13.9,2.25,31.5,0.8,30.7,33.2,13.1,1,Uncategorized,Other,Curry powder,1 level teaspoon,3g,,3.0,g,0.745578494385027
17-314,Horseradish sauce,"8 samples, 5 brands; creamed and plain samples",WCN,50-1168  ,"Reviewed 2013. LFRA, Nutrient analysis of miscellaneous foods, 1992",,669,160,8.4,1.1,17.4,14.6,2.7,2.5,2.5,2.28,Prepared meals,Processed foods,Horseradish sauce 1 sachet,12g,,,,,0.7451088436891724
11-978,"Bread, white, French stick","18 samples, baguette and flute, thick and thin",AF,11-471 ,"LGC, Nutrient analysis of bread and morning goods, 1999; and industry data, 2013. Average of flute and baguette",,1138,269,1.9,0.34,51.2,2.8,48.5,3.3,10.0,1,Bakery products,Processed foods,"French stick 2"" slice",40g,,,,,0.7446537828386941
11-002,"Barley, pearl, raw",2 samples from different shops; literature sources,AA,  ,"MW4, 1978. Reviewed 2014",,1341,318,1.7,0.24,60.6,1,59.6,13.1,8.4,0.01,Uncategorized,Other,"Barley, pearl boiled, 1 tablespoon",20g,,,,,0.7434939230502645
12-329,"Milk, sheeps, raw",30 samples from 2 herds and literature sources,BC,12-041 12-840 50-208  ,"Reviewed 2013. Milk Products and Eggs Supplement, 1989; and Fatty Acids Supplements 12-840",,387,93,5.8,3.58,4.9,4.9,0,0,5.3,0.11,Milk and milk products,Animal-based foods,Sheeps milk yoghurt,"Woodlands Park, fruit",142g,,142.0,g,0.7434262386828583
11-797,"Biscuits, semi-sweet","10 samples, 7 products, including rich tea, Morning Coffee",AM,11-521 ,"DH, Nutrient analysis of biscuits, buns, cakes and pastries, 2011",,1881,447,15.1,5.08,69.5,19.4,50.1,2.7,7.1,0.9,Sugars and confectionery,Processed foods,Semi-sweet biscuits e.g. Marie,,7g,,7.0,g,0.7431074116601301
14-870,"Almonds, flaked and ground",10 samples,GA,14-801 14-855 50-972 ,"Reviewed 2013. LGC, Snacks and nuts, 1989-1991; and Fatty Acid Supplement, 1998 (14-855). Selenium from Analysis of foods for Selenium 1994",,2686,650,55.8,4.43,6.5,4,2.5,9.9,25.4,0.04,Uncategorized,Other,Almonds,6 whole,13g,,13.0,g,0.7431034066583465
16-126,"Red snapper, flesh only, raw",Literature sources and calculation from fried,JA,,"Fish and Fish Products Supplement, 1993",,382,90,1.3,0.3,0,0,0,0,19.6,0.19,Uncategorized,Other,Red snapper,"1 average whole, fried",200g,,200.0,g,0.742874066748485
15-850,"Potatoes, duchesse","Recipe. Baked potato, egg and butter shapes. Recipe from review of recipe collection",DR,15-570 ,Updated 2014,,525,125,5.1,2.89,16,0.8,15.2,1.6,3.1,0.13,Uncategorized,Other,Sweet potatoes,"boiled, 2 medium",130g,,130.0,g,0.7385192385519705
17-648,"Chocolate, milk","11 samples, 11 products",SEA,,"DH, Nutrient analysis of a range of processed foods with particular reference to trans fatty acids, 2013",,2198,527,31.1,18.71,53.3,53.3,0,2.3,7.2,0.22,Milk and milk products,Animal-based foods,Chocolate cupcake,,40g,,40.0,g,0.7365846600219892
14-087,Dried mixed fruit,"Calculated as sultanas 49%, currants 24%, raisins 18% and peel 9%",FA,50-888 ,"Reviewed 2013. Fruit and Nuts Supplement, 1992",,1231,290,0.4,0.08,67.9,67.9,0,2.9,2.3,0.12,Fruit,Plant-based foods,Mixed dried fruit,1 heaped tablespoon,25g,,25.0,g,0.7350610710666989
13-839,Mustard seeds,Literature sources,H,,"Marsh et al. (1977) Composition of foods: spices and herbs, raw, processed and prepared, Agriculture Handbook No. 8-2",,2116,508,28.8,1.5,27.2,6.8,20.4,12.2,28.9,0.01,Nuts and seeds,Plant-based foods,Mustard,I level teaspoon,8g,,8.0,g,0.7346713975266673
12-603,"Welsh rarebit, wholemeal, homemade",Recipe,BV,12-459 ,Updated 2014,,1631,392,27.4,16.59,20.1,2.1,18,3.5,14.6,1.45,Prepared meals,Processed foods,Welsh rarebit topping only,40g,,,,,0.7340120558246882
17-835,"Scotch broth, homemade",Recipe,WAA,17-606 ,Updated 2014,,315,75,3.5,1.6,3.7,1.7,2,0.9,6.8,0.06,Uncategorized,Other,Scotch pie,individual,112g,,112.0,g,0.7338584142066605
14-826,Melon seeds,Literature sources,GA,,"Fruit and Nuts Supplement, 1992",,2445,590,47.7,12,9,0.7,8.3,5.3,28.5,0.25,Nuts and seeds,Plant-based foods,Melon,"canteloupe, 1 slice without skin",150g,,150.0,g,0.7316502266193661
11-957,"Cake, sponge, fatless, homemade",Not filled recipe,AN,11-581 ,As MW6. Recalculated in 2013.,,1247,295,5.6,1.59,50.3,29.1,21.2,1.2,10.3,0.23,Oils and fats,Other,Sponge cake,"no fat, with cream, purchased",58g,,58.0,g,0.7313240995192707
13-886,Mixed curry spices,"Recipe, equal quantities of curry powder, garam masala, paprika and chilli powder",H,13-872 ,Produced for use in VD recipe calculations,,1370,330,13.3,2.14,24.2,4.8,19.4,30.3,13.2,2.89,Herbs and spices,Plant-based foods,Spices,"dried, 1 teaspoon",3g,,3.0,g,0.7307302830243049
11-1044,"Cake, cherry, homemade",Recipe,AN,11-640 ,Recalculated 2014,,1637,389,14.4,4.67,59.1,38.4,20.7,1.2,5.3,0.57,Uncategorized,Other,Cherry,"glac or maraschino, 1",5g,,5.0,g,0.730262633507669
12-240,"Jelly, made with skimmed milk",Recipe,BR,,"Milk Products and Eggs Supplement, 1989",,323,76,0.0,0,16.3,16.3,0,0,2.7,0.07,Milk and milk products,Animal-based foods,Milk jelly,Chambourcy Disney,125g,,125.0,g,0.7295579198231539
11-532,"Cake, sponge, with dairy cream and jam, frozen","10 samples, 8 brands",AN,11-215 ,"ADAS Laboratories, Nutrient analysis of ice creams and desserts, 1999",,1198,285,10.9,N,41.2,23.3,16.9,2.7,4.3,0.55,Milk and milk products,Animal-based foods,Dairy cream sponge,average slice,39g,,39.0,g,0.7252023678183734
17-063,"Sugar, white",Granulated and loaf sugar,SC,50-1011 ,"Reviewed 2013. LGC, Analysis of assorted foods, 1994",,1700,400,0.0,0,100,100,0,0,0.0,0.01,Sugars and confectionery,Processed foods,sugar,Jig,,,,,0.7241112111290904
11-821,"Biscuits, cheese flavoured","10 samples, 5 products, including Cheddars, Mini Cheddars, cheese melts and cheese savouries",AM,,"DH, Nutrient analysis of biscuits, buns, cakes and pastries, 2011",,2095,502,28.1,11.67,48.5,2.6,45.9,4.5,11.5,2.21,Uncategorized,Other,Cheese biscuits,,4g,,4.0,g,0.7234226126894919
13-884,"Mixed herbs, dried","Recipe; Equal quantities of Marjoram, Parsley, Sage and Thyme",H,13-871 ,"Recipe using values from Marsh et al. (1977) Composition of foods: spices and herbs, raw, processed and prepared, Agriculture Handbook No.8-2",,1316,316,8.5,2.9,31.1,5,26.1,33.5,12.1,0.2,Herbs and spices,Plant-based foods,Herbs,"dried, 1 teaspoon",Ig,,,,0.7232356650642188
17-687,Chocolate nut spread,"8 samples, 5 brands",SC,17-070 ,"LFRA, Nutrient analysis of miscellaneous foods, 1992; and industry data, 2013. Fatty acids from Fatty Acid Supplement, 1998",,2329,558,33.0,9.34,57.6,56.9,0.7,3,6.2,0.13,Nuts and seeds,Plant-based foods,Chocolate and nut cookies,8g,,,,,0.7228203977418473
17-175,Cola,"10 samples, 6 brands",PCA,50-1080 ,"Reviewed 2013. LFRA, Nutritional analysis of soft drinks, 1993",,182,43,0.0,0,10.7,10.7,0,0,0.0,0.01,Uncategorized,Other,Cola sweets,each,4g,,4.0,g,0.7221346378344423
19-623,"Casserole, rabbit, homemade",Recipe,MR,19-431 ,Updated 2014,,411,98,4.8,1.37,2.1,1.1,1,0.6,11.4,0.98,Uncategorized,Other,Rabbit,see game,,,,,0.720325926495827
13-847,"Pepper, cayenne, ground",Literature sources,H,,"Vegetables, Herbs and Spices Supplement, 1991",,1601,385,17.3,2.6,31.7,31.7,0,27.2,12.0,0.08,Uncategorized,Other,Pepper,1 level teaspoon,2g,,2.0,g,0.7182695953284585
12-556,"Banana split, homemade",Recipe,BP,12-447 ,Updated 2014,,804,193,11.8,6.91,18.9,18.1,0.8,0.6,2.4,0.1,Uncategorized,Other,Banana,1 raw small without skin,80g,,80.0,g,0.7180515046779213
12-956,"Omelette, curried, homemade",Recipe,CDE,12-930 ,Updated 2014,,1510,366,36.0,20.52,1.4,1.4,0,1.6,8.4,0.96,Uncategorized,Other,Omelette 2 eggs,120g,,,,,0.7157202734241286
12-957,"Omelette, Spanish, homemade",Recipe,CD,12-932 ,Updated 2014,,478,115,7.6,1.19,5.3,3.2,2.2,1.3,5.6,0.14,Uncategorized,Other,Omelette 2 eggs,120g,,,,,0.7157202734241286
19-508,Salami snack,Including Peperami and own brand equivalents,MI,19-108 ,"Industry data, 2013",,2091,505,44.0,16.79,1.9,1.9,0,0.5,25.1,4,Snack foods,Processed foods,Salami,I small average slice (diameter 5cm),5g,,5.0,g,0.7152123327239672
17-172,"Tea, herbal, infusion",Literature sources,PAC,,"Reviewed 2013. Cutrufelli and Matthews (1986) Composition of foods: beverages, raw, processed and prepared. Agriculture Handbook No. 8-14, UK Department of Agriculture, Washington DC",,0,0,0.0,0,0,0,0,0,0.0,0,Herbs and spices,Plant-based foods,Tetley tea folk,,24g,,24.0,g,0.7143275753550241
19-643,"Sausage rolls, short pastry, homemade",Recipe,MI,19-068 ,Updated 2014,,1662,400,28.8,10.65,23.4,2,21.4,3.3,10.1,0.94,Bakery products,Processed foods,Sausage rolls,"1 sausage roll, small",32g,,32.0,g,0.7138307633054417
13-806,"Bay leaf, dried","Reviewed 2013. LGC, Fruit and Vegetables, 1989-1990; Polacchi et al. (1982) Food composition tables for the near east; and Leung et al. (1972) Food composition table for use in East Asia",H,,"Marsh et al. (1977) Composition of foods: spices and herbs, raw, processed and prepared, Agriculture Handbook No. 8-2",,1477,353,8.4,2.3,48.6,48.6,0,26.3,7.6,0.06,Uncategorized,Other,Dried milk,1 teaspoon,3g,,3.0,g,0.713611623059961
13-811,"Chervil, dried",Literature sources,H,,"Marsh et al. (1977) Composition of foods: spices and herbs, raw, processed and prepared, Agriculture Handbook No. 8-2",,1404,335,3.9,0.77,37.8,37.8,0,27.9,23.2,0.21,Uncategorized,Other,Dried milk,1 teaspoon,3g,,3.0,g,0.713611623059961
13-816,"Cloves, dried",Literature sources,H,,"Vegetables, Herbs and Spices Supplement, 1991",,1158,282,20.1,4.4,2.4,2.4,0,33.9,6.0,0.6,Uncategorized,Other,Dried milk,1 teaspoon,3g,,3.0,g,0.713611623059961
13-835,"Marjoram, dried",Literature sources,H,,"Marsh et al. (1977) Composition of foods: spices and herbs, raw, processed and prepared, Agriculture Handbook No. 8-2",,1348,324,7.0,0.53,32.4,4.1,28.3,40.3,12.7,0.19,Uncategorized,Other,Dried milk,1 teaspoon,3g,,3.0,g,0.713611623059961
17-091,"Chocolate, white","14 samples, 5 brands; buttons and bars",SEA,50-1017 ,"Reviewed 2013. LGC, Analytical survey of confectionery items, 1992",,2223,532,30.9,18.4,55.5,55.5,0,0,8.0,0.28,Uncategorized,Other,Chocolate cupcake,,40g,,40.0,g,0.7134175671552546
19-114,"Black pudding, dry-fried","8 samples, 6 brands",MI,50-505 ,"Reviewed 2013. LGC, Analytical survey of meat products, 1990-1991",,1244,299,21.5,8.5,15.1,0.2,14.9,2,10.3,2.35,Uncategorized,Other,Black pudding,1 slice,30g,,30.0,g,0.713381529644313
19-613,"Meatballs, pork and beef, in tomato sauce, homemade",Recipe,MR,19-415 ,Updated 2014,,514,123,7.2,2.69,4.1,2.7,1.5,0.9,10.0,0.15,Meat and meat products,Animal-based foods,Tomato sauce,"average, with meatifishlpasta",90g,,90.0,g,0.7121865182211635
16-279,"Fish balls, steamed",7 varieties from different Chinese shops,JR,,"Fish and Fish Products Supplement, 1993",,304,72,0.5,N,5,0,5,0,11.8,1.88,Fish and fish products,Animal-based foods,Aniseed balls,each,4g,,4.0,g,0.7106380974245423
17-692,"Popcorn, salted, retail",Estimated from label data,SN,17-131 ,"Industry data, 2013",,2014,482,23.5,N,53.9,0.6,53.4,9.3,9.0,1.83,Uncategorized,Other,Popcorn,caramel coated,25g/75g,,75.0,g,0.7103353490548454
14-816,"Coconut, flesh only, fresh","Flesh from kernel, no shell",GA,14-868 ,"MW4, 1978. Values revised for Fruit and Nut Supplement, 1992; fatty acids from 14-868",,1538,374,36.0,31.39,3.5,3.5,0,10.1,3.8,0.04,Nuts and seeds,Plant-based foods,Coconut pyramid,,25g,,25.0,g,0.7102685250994583
11-800,"Wafers, plain ice cream wafers, not filled","10 samples, 9 products, including cones, cornets and wafers",AM,12-212 ,"DH, Nutrient analysis of biscuits, buns, cakes and pastries, 2011",,1568,370,3.0,0.59,72.6,3.3,69.3,3.4,11.5,0.48,Uncategorized,Other,Wafers,each,2g,,2.0,g,0.7090092085147962
12-600,"Trifle, homemade",Recipe,BR,12-417 ,Updated 2014,,703,168,7.9,4.42,20,16,4,0.4,2.8,0.19,Uncategorized,Other,Trifle sponge,,24g,,24.0,g,0.7085294677275871
13-382,Tomato juice,"10 samples, 9 brands",PE,50-1093 ,"Reviewed 2013. LGC, Canned and other processed vegetable products survey, 1985",,70,16,0.0,0,3,3,0,0.6,0.8,0.58,Non-alcoholic beverages,Beverages,Tomato,1 small,65g,,65.0,g,0.7083372593859599
17-721,"Soy sauce, light and dark varieties","8 samples, 4 brands",WCN,17-334 ,"LFRA, Nutrient analysis of miscellaneous foods, 1992; and industry data, 2013",,345,81,0.0,0,17.3,15.9,1.4,0,3.0,13.75,Uncategorized,Other,Soy sauce,1 teaspoon,5g,,5.0,g,0.7076551197853911
11-822,"Crispbread, rye","5 samples, 2 products, Ryvita original and Ryvita dark",AM,11-511 ,"DH, Nutrient analysis of biscuits, buns, cakes and pastries, 2011",,1350,320,1.4,0.16,57.8,3.2,54.5,20,9.2,0.66,Bakery products,Processed foods,crispbread,,5g,,5.0,g,0.7071067811865476
14-896,"Almonds, whole kernels","Literature sources, Prunus dulcis",GA,,"USDA SR28, 2015",,2466,596,49.9,3.8,5,4.3,0.7,12.5,25.6,0,Uncategorized,Other,Almonds,6 whole,13g,,13.0,g,0.7071067811865476
11-527,"Cake, chocolate fudge","12 samples, 6 brands. Mixture of fresh and frozen",AN,,"ADAS Laboratories, Nutrient analysis of ice creams and desserts, 1999",,1527,364,14.3,4.57,52.6,41.5,10.3,1.9,5.2,0.66,Uncategorized,Other,Chocolate fudge slice,,98g,,98.0,g,0.7055469417696294
17-593,"Turkish delight, with nuts, homemade",Recipe,SEC,17-121 ,"Recipe as Miscellaneous Foods Supplement (1994), 17-121",,1506,355,2.6,0.35,78.1,77.9,0.2,0.3,4.7,0.21,Nuts and seeds,Plant-based foods,Turkish delight,1 square,15g,,15.0,g,0.7052656777098245
17-628,"Sauce, Chinese cook in, sweet & sour","10 samples, 7 products, chilled and ambient",WC,,"Direct Laboratories, Nutrient analysis catch up project, 2003; and industry data, 2013",,414,98,1.0,0,21.3,18.8,2.5,0.8,0.5,0.63,Sugars and confectionery,Processed foods,Sweet 'n' sour sauce,average portion,150g,,150.0,g,0.7028195799256601
11-1084,"Hot cross buns, homemade",Recipe,AP,11-590 ,Updated 2014,,1280,303,5.8,1.95,53.9,22.1,31.7,1.9,7.9,0.19,Uncategorized,Other,Hot cross bun,,50g,,50.0,g,0.7027713616115723
17-065,"Syrup, golden",3 samples of the same brand,SC,50-1012 ,"Reviewed 2013. LGC, Analysis of assorted foods, 1994",,1320,311,0.0,0,77.3,77.3,0,0,0.3,0.68,Uncategorized,Other,Golden lights,,25g,,25.0,g,0.7020254641868119
