,Food Code,Food Name,Food sub-group codes,Food Group,Sale format(s),Similarity Score,Weight,PurEqualCon,Portion Consumed,Source
0,17-208,"beer, bitter, best, premium",QA,Alcoholic beverages,"can, can multipack, bottle, bottle multipack",0.7071067811865476,574g,Y,1 pint,
1,17-224,"cider, sweet",QC,Alcoholic beverages,"can, can multipack, bottle, bottle multipack",0.6098644521912389,25g,Y,,
2,17-234,port,QF,Alcoholic beverages,bottle,0.0,,,,
3,17-236,"sherry, medium",QF,Alcoholic beverages,bottle,0.0,,,,
4,17-247,"spirits, 40% volume",QK,Alcoholic beverages,"bottle, miniature",1.0,29g,Y,1 miniature,
5,17-239,"vermouth, dry",QG,Alcoholic beverages,bottle,0.6402642031530209,50g/100g,Y,per bag,
6,17-752,"wine, red",QE,Alcoholic beverages,"bottle, small bottle, box",1.0,200g,Y,I small bottle,
7,17-756,"wine, white, medium",QE,Alcoholic beverages,"bottle, small bottle, box",0.7204988586676786,200g,Y,I small bottle,
8,14-272,"apple juice concentrate, unsweetened, commerical",PE,Beverages,"carton, tetrapak, bottle",0.41387434389952055,,,,
9,17-632,"coffee, cappuccino, latte",P,Beverages,,1.0,170g,Y,1 average vending machine cup,
10,17-175,cola,PCA,Beverages,"can, ready to drink bottle, sharing bottle",0.0,,,,
11,17-744,cranberry fruit juice drink,PE,Beverages,"carton, tetrapak, bottle",0.756560852301581,200g,Y,individual carton,
12,17-498,"drinking chocolate, powder",PAA,Beverages,,0.45649711662349796,,,,
13,17-672,"energy drink, carbonated",PCA,Beverages,"can, ready to drink bottle, sharing bottle",0.8762322260281621,250ml,Y,slim can,
14,17-745,"grape juice, unsweetened",PE,Beverages,"carton, tetrapak, bottle",0.5802435801003337,12g,"Y, P",1 sachet,
15,17-731,"horlicks, powder",PAA,Beverages,,0.5948046737362449,32g,Y,1 sachet,
16,17-179,lemonade,PCA,Beverages,"can, ready to drink bottle, sharing bottle",0.0,,,,
17,17-761,lucozade,PCA,Beverages,"ready to drink bottle, sharing bottle",0.0,,,,
18,17-751,"lager, premium",QA,Beverages,"can, multipack can, bottle, multipack bottle",0.7071067811865476,574g,Y,1 pint,
19,17-244,"liqueurs, high strength",QI,Beverages,"bottle, miniature",0.9022530331020885,150g,Y,pots,
20,17-733,"milk shake, powder",PAA,Beverages,,1.0,585g,Y,1 pint,
21,17-734,"ovaltine, powder",PAA,Beverages,,0.0,,,,
22,11-001,arrowroot,AA,Cereals and cereal products,,0.0,,,,
23,11-002,"barley, pearl, raw",AA,Cereals and cereal products,packet,0.5937818449203375,180g,Y,I bottle,
24,11-906,"bran, wheat",AA,Cereals and cereal products,cereal box,0.0,,,,
25,11-006,"buckwheat, groats",AA,Cereals and cereal products,packet,0.0,,,,
26,11-1144,"bread rolls, brown, crusty",AF,Cereals and cereal products,"loose, individual
multiple pack",0.576727063128621,20g,Y,1 portion pack,
27,11-1006,"bread rolls, white, soft",AF,Cereals and cereal products,"loose, individual
multiple pack",0.4528892783796397,,,,
28,11-971,"bread, brown, average",AF,Cereals and cereal products,loaf,0.5015932469883077,360g,"Y, P","6 in pack, 60g",
29,11-969,"bread, ciabatta",AF,Cereals and cereal products,"loose, individual
multiple pack",0.6880126944052741,20g,Y,1 slice,
30,11-937,"bread, garlic and herb, retail",AF,Cereals and cereal products,"loose, individual
multiple pack",0.7414124137951081,20g,Y,1 slice,
31,11-910,"bread, naan, peshwari naan, takeaway and retail",AF,Cereals and cereal products,"loose, individual
multiple pack",0.6927610070124688,160g,Y,,
32,11-973,"bread, naan, retail",AF,Cereals and cereal products,"loose, individual
multiple pack",0.74505177427139,160g,Y,,
33,11-974,"bread, pitta, white",AF,Cereals and cereal products,"loose, individual
multiple pack",0.46523602824983473,,,,
34,11-947,"bread, seeded",AF,Cereals and cereal products,loaf,0.6880126944052741,20g,Y,1 slice,
35,11-1145,"bread, white, average",AF,Cereals and cereal products,loaf,0.4896494427550495,360g,"Y, P","6 in pack, 60g",
36,11-977,"bread, white, farmhouse or split tin",AF,Cereals and cereal products,loaf,0.3822768421070135,,,,
37,11-978,"bread, white, french stick",AF,Cereals and cereal products,baguette,0.31847759375227447,,,,
38,11-980,"bread, white, sliced",AF,Cereals and cereal products,loaf,0.38274375587700127,,,,
39,11-981,"bread, wholemeal, average",AF,Cereals and cereal products,loaf,0.45551068432279707,,,,
40,11-983,"bread rolls, brown, soft",AG,Cereals and cereal products,"loose, individual
multiple pack",0.4534921843546891,,,,
41,11-984,"bread rolls, malted wheat",AG,Cereals and cereal products,"loose, individual
multiple pack",0.6880126944052741,20g,Y,1 slice,
42,11-985,"bread rolls, white, crusty",AG,Cereals and cereal products,"loose, individual
multiple pack",0.46523602824983473,,,,
43,11-986,"bread rolls, wholemeal",AG,Cereals and cereal products,"loose, individual
multiple pack",0.6880126944052741,20g,Y,1 slice,
44,11-763,"breakfast cereal, bran flakes, fortified",AI,Cereals and cereal products,cereal box,0.0,,,,
45,11-742,"breakfast cereal, cornflakes, fortified",AI,Cereals and cereal products,cereal box,0.0,,,,
46,11-779,"breakfast cereal, fruit and fibre type, fortified",AI,Cereals and cereal products,cereal box,0.486772860346225,50g,Y,bar,
47,11-755,"breakfast cereal, honey loops and hoops, including honey and nut cheerios, fortified",AI,Cereals and cereal products,cereal box,0.3901439990108702,,,,
48,11-792,"breakfast cereal, instant hot oat, plain, raw, fortified",AI,Cereals and cereal products,cereal box,0.4401974516128666,,,,
49,11-753,"breakfast cereal, rice, chocolate flavoured, fortified",AI,Cereals and cereal products,cereal box,0.6321651629223713,300g,Y,1 packet made up,
50,11-778,"breakfast cereal, shredded wheat, honey nut, nestle",AI,Cereals and cereal products,cereal box,0.41388921939100554,,,,
51,11-773,"breakfast cereal, wheat biscuits, weetabix type, fortified",AI,Cereals and cereal products,cereal box,0.0,,,,
52,11-821,"biscuits, cheese flavoured",AM,Cereals and cereal products,wrapper or box,0.6865099205215273,214g,Y,"Crazy Milk, individual carton",Ocado Website
53,11-815,"biscuits, cookies, chocolate chip, standard",AM,Cereals and cereal products,wrapper or box,0.6497133270592733,40g,Y,bag,
54,11-799,"biscuits, digestive, plain",AM,Cereals and cereal products,wrapper or box,0.7226945835012721,266g,Y,,
55,11-809,"biscuits, fully coated with chocolate",AM,Cereals and cereal products,wrapper or box,0.4648627780938982,,,,
56,11-801,"biscuits, plain, reduced fat",AM,Cereals and cereal products,wrapper or box,0.40442931491995016,,,,
57,11-826,"breadsticks, plain",AM,Cereals and cereal products,box,0.7027630100176375,45g,Y,,
58,,"banana bread, retail",AN,Cereals and cereal products,loaf,0.4428925214565823,,,,
59,,"brownies, chocolate, retail",AN,Cereals and cereal products,,0.44048709250797513,,,,
60,,"brownies, chocolate, baking mix",AN,Cereals and cereal products,packet,0.5994064200867445,100g,Y,per bag,
61,11-970,"bagels, plain",AP,Cereals and cereal products,"loose, individual
multiple pack",0.7027630100176375,45g,Y,,
62,,bread and butter pudding,AS,Cereals and cereal products,,0.3976404045863924,,,,
63,11-011,"cornmeal, sifted",AA,Cereals and cereal products,packet,0.0,,,,
64,11-988,croissants,AG,Cereals and cereal products,,0.0,,,,
65,11-820,cream crackers,AM,Cereals and cereal products,wrapper or box,0.6536038210478662,150g,Y,1 small carton (5 fi. oz),
66,11-839,"cakes, fancy iced, individual, retail",AN,Cereals and cereal products,,0.5593337979318262,30g,"Y, P",per bag,
67,11-1020,"crumble, fruit, retail",AS,Cereals and cereal products,,0.4627620861553933,,,,
68,11-850,"doughnuts, ring, iced",AP,Cereals and cereal products,,0.7071067811865476,30g,"Y, P",per bag,
69,11-849,"doughnuts, with jam",AP,Cereals and cereal products,,0.427640119104488,,,,
70,,"dumplings,",AT,Cereals and cereal products,,0.0,,,,
71,,"biscuit, gingerbread",AN,Cereals and cereal products,,0.545005621080401,61g,Y,,
72,,"hot cross buns, ",AP,Cereals and cereal products,packet,0.4417049644939082,,,,
73,11-739,jaffa cakes,AM,Cereals and cereal products,wrapper or box,0.0,,,,
74,11-846,"jam tarts, retail",AS,Cereals and cereal products,,0.3859253296400772,,,,
75,,"macaroni cheese, retail",AD,Cereals and cereal products,,0.7126821453277129,430g,Y,large can,Tesco Website
76,11-780,"muesli, swiss style, unfortified",AI,Cereals and cereal products,cereal box,0.6750706767476486,150g,Y,,
77,11-737,"muffins, american, chocolate, retail",AN,Cereals and cereal products,,0.44048709250797513,,,,
78,11-848,"mince pies, retail",AS,Cereals and cereal products,,0.5419943295068606,140g,Y,individual pie,
79,11-719,"noodles, egg, dried, raw",AD,Cereals and cereal products,,0.4715007054935516,280g,Y,"1 packet, made up",
80,11-823,"oatcakes, plain, retail",AM,Cereals and cereal products,wrapper or box,0.4565269399720201,,,,
81,11-936,"pizza, cheese and tomato, retail",A,Cereals and cereal products,,0.49624242807191243,116g,Y,average,
82,11-788,"porridge oats, unfortified",A,Cereals and cereal products,,0.0,,,,
83,11-726,"pasta, egg, fresh, raw",AD,Cereals and cereal products,,0.4262226505526912,,,,
84,11-718,"pasta, wholewheat, spaghetti, dried, raw",AD,Cereals and cereal products,,0.5132298057201279,425g,Y,large can,
85,11-735,"pasta, spaghetti, canned, in tomato sauce",AD,Cereals and cereal products,tin,0.5930929092910918,425g,Y,large can,
86,,"papadums, retail",AF,Cereals and cereal products,,0.5439839155777908,190g,Y,,
87,11-853,"pastry, shortcrust, retail, cooked",AO,Cereals and cereal products,,0.3328058762668199,,,,
88,11-844,"pastries, chocolate eclairs, cream filled, retail",AP,Cereals and cereal products,,0.6118341203053437,46g,Y,tube,
89,,pancakes,AS,Cereals and cereal products,,0.0,,,,
90,11-544,"scotch pancakes, retail",AS,Cereals and cereal products,,0.5439839155777908,190g,Y,,
91,11-921,"pie, apple, pastry, double crust, retail",AS,Cereals and cereal products,,0.3385752204786134,,,,
92,11-847,"pie, fruit, individual, retail",AS,Cereals and cereal products,,0.5369543932784537,480g,Y,large,
93,,"pudding, sponge, retail",AS,Cereals and cereal products,,0.7927944247351262,300g,Y,whole,
94,11-1021,"pudding, sponge, canned",AS,Cereals and cereal products,,1.0,300g,Y,whole,
95,,prawn crackers,AT,Cereals and cereal products,packet,1.0000000000000002,30g/40g,Y,per bag,
96,11-866,"rice, brown, basmati, raw",AC,Cereals and cereal products,packet,0.5921497608588739,300g,Y,1 packet made up,
97,11-870,"rice, brown, easy cook, raw",AC,Cereals and cereal products,packet,0.5921497608588739,300g,Y,1 packet made up,
98,11-874,"rice, thai fragrant, raw",AC,Cereals and cereal products,packet,0.7511364968034292,300g,Y,1 packet made up,
99,11-863,"rice, white, long grain, easy cook, raw",AC,Cereals and cereal products,packet,0.6005814104112043,300g,Y,1 packet made up,
100,11-940,rusks,AK,Cereals and cereal products,,0.0,,,,
101,,"risotto, plain",AT,Cereals and cereal products,,0.7027630100176375,45g,Y,,
102,11-903,"semolina, raw",AA,Cereals and cereal products,,0.3749892289879656,,,,
103,,"sandwich, white bread,",AB,Cereals and cereal products,,0.4011213995076771,,,,
104,,"sandwich, brown bread",AB,Cereals and cereal products,,0.46774192391041497,,,,
105,11-802,shortbread,AM,Cereals and cereal products,wrapper or box,0.45633700239884967,,,,
106,11-544,"scotch pancakes, retail",AP,Cereals and cereal products,,0.5439839155777908,190g,Y,,
107,11-919,"strudel, fruit filled, retail, frozen",AS,Cereals and cereal products,,0.5764954213870053,600g,Y,6 servings,
108,17-371,"stuffing mix, dried",AT,Cereals and cereal products,,0.7071067811865476,100g,Y,per bag,
109,11-800,"wafers, plain ice cream wafers, not filled",AM,Cereals and cereal products,,0.6146762011980232,60g,Y,tub,
110,,yorkshire pudding,AT,Cereals and cereal products,,0.6104136327598235,300g,Y,whole,
111,12-937,"eggs, chicken, whole, raw",CA,Eggs,"egg box, 6, 10, 12, 30",0.42126808490583295,,,,
112,12-949,"quiche, vegetable, retail",CD,Eggs,"small individual, large sharing",0.5356753423042451,210g/440g,Y,can,
113,17-487,"dripping, beef",OF,Fats and oils,jar,0.6300236984151741,198g,Y,1 small can,
114,17-010,lard,OF,Fats and oils,block,0.0,,,,
115,17-031,"oil, coconut",OC,Fats and oils,jar,0.44851736683170385,,,,
116,17-039,"oil, palm",OC,Fats and oils,bottle,0.6552556056428058,200g,Y,1 small can,
117,17-044,"oil, soya",OC,Fats and oils,bottle,0.4742554136987429,120g,Y,,
118,17-045,"oil, sunflower",OC,Fats and oils,bottle,0.6552556056428058,200g,Y,1 small can,
119,17-686,"oil, vegetable, average",OC,Fats and oils,bottle,0.4068509764450056,,,,
120,16-001,"ayr, raw",JA,Fish and fish products,,0.5217706540839595,75g,Y,1 raw small eating (6 to lb) ,
121,,"anchovies, canned in oil,",JC,Fish and fish products,tin,0.6899271409532682,200g,Y,1 small can,
122,16-385,"bass, sea, flesh only, raw",JA,Fish and fish products,fillet,0.38882124272100155,,,,
123,16-003,"bele, raw",JA,Fish and fish products,fillet,0.5217706540839595,75g,Y,1 raw small eating (6 to lb) ,
124,16-004,"boal, raw",JA,Fish and fish products,fillet,0.5217706540839595,75g,Y,1 raw small eating (6 to lb) ,
125,16-005,bombay duck,JA,Fish and fish products,,0.5416681533364661,125g,Y,,
126,16-006,"bream, sea, raw",JA,Fish and fish products,fillet,0.5217706540839595,75g,Y,1 raw small eating (6 to lb) ,
127,16-169,"bacha, raw",JC,Fish and fish products,fillet,0.5217706540839595,75g,Y,1 raw small eating (6 to lb) ,
128,16-372,"cod, flesh only, raw",JA,Fish and fish products,fillet,0.638165670961456,170g,Y,"in sauce, purchased, frozen",
129,16-172,"carp, raw",JA,Fish and fish products,fillet,0.5217706540839595,75g,Y,1 raw small eating (6 to lb) ,
130,16-007,"catfish, raw",JA,Fish and fish products,fillet,0.5217706540839595,75g,Y,1 raw small eating (6 to lb) ,
131,16-011,"chital, raw",JA,Fish and fish products,fillet,0.5217706540839595,75g,Y,1 raw small eating (6 to lb) ,
132,16-383,"coley, flesh only, raw",JA,Fish and fish products,fillet,0.38882124272100155,,,,
133,,"crab, canned in brine",JK,Fish and fish products,tin,0.7418908223079532,85g,Y,1 small can,
134,,crab,JK,Fish and fish products,,1.0,85g,Y,1 small can,
135,,"crab, white meat",JK,Fish and fish products,,0.6332428259944975,85g,Y,1 small can,
136,16-235,"crayfish, raw",JK,Fish and fish products,,0.5217706540839595,75g,Y,1 raw small eating (6 to lb) ,
137,,calamari,JM,Fish and fish products,,0.0,,,,
138,,cockles,JM,Fish and fish products,,0.0,,,,
139,16-254,"cuttlefish, raw",JM,Fish and fish products,,0.5217706540839595,75g,Y,1 raw small eating (6 to lb) ,
140,,caviare,JR,Fish and fish products,"tin, jar",0.0,,,,
141,16-173,"eel, yellow, raw",JC,Fish and fish products,,0.5217706540839595,75g,Y,1 raw small eating (6 to lb) ,
142,16-375,"haddock, flesh only, raw",JA,Fish and fish products,,0.38882124272100155,,,,
143,16-070,"hake, flesh only, raw",JA,Fish and fish products,,0.38882124272100155,,,,
144,16-081,"kalabasu, raw",JA,Fish and fish products,,0.5217706540839595,75g,Y,1 raw small eating (6 to lb) ,
145,16-186,"katla, raw",JA,Fish and fish products,,0.5217706540839595,75g,Y,1 raw small eating (6 to lb) ,
146,,"kippers, flesh only",JC,Fish and fish products,,0.4995987696019161,150g,Y,,
147,16-393,"mackerel, flesh only, raw",JC,Fish and fish products,,0.37254422475726984,,,,
148,16-497,"mussels, raw",JM,Fish and fish products,,0.5217706540839595,75g,Y,1 raw small eating (6 to lb) ,
149,16-259,"octopus, raw",JM,Fish and fish products,,0.5217706540839595,75g,Y,1 raw small eating (6 to lb) ,
150,16-260,"oysters, raw",JM,Fish and fish products,,0.79710022854597,105g,Y,1 can smoked oysters,
151,16-378,"pollock, alaskan, flesh only, raw",JA,Fish and fish products,,0.38882124272100155,,,,
152,16-387,"prawns, king, raw",JK,Fish and fish products,,0.6857956998853336,100g,Y,1 small jar prawns,
153,14-363,"apples, cooking, raw, flesh only, weighed with skin and core",F,Fruit,,0.5567942099131178,250g,Y,1 raw small,
154,14-319,"apples, eating, raw, flesh and skin",F,Fruit,,0.5143211202646338,250g,Y,1 raw small,
155,14-001,amla,FA,Fruit,,0.0,,,,
156,14-025,"apricots, raw, flesh and skin",FA,Fruit,punnet,0.6377030814579907,250g,Y,1 raw small,
157,14-392,"apricots, ready-to-eat, semi-dried",FA,Fruit,packet,0.8184457305776414,125g,Y,per pot,
158,14-040,"avocado, fuerte, flesh only, weighed with skin and stone",FA,Fruit,"loose, individual",0.3439578120815852,,,,
159,14-387,"avocado, hass, flesh only, weighed with skin and stone",FA,Fruit,"loose, individual",0.3439578120815852,,,,
160,14-331,"apple juice, clear, ambient and chilled",FC,Fruit,"carton, tetrapak, bottle",0.39966156729995156,,,,
161,14-043,"babaco, flesh only",FA,Fruit,"loose, individual",0.4995987696019161,150g,Y,,
162,14-318,"bananas, flesh and skin",FA,Fruit,"loose, individual/bunch",0.4469807271394421,,,,
163,14-388,"blackberries, raw",FA,Fruit,punnet,0.79710022854597,200g,"Y, P",,
164,14-053,"blackcurrants, raw",FA,Fruit,punnet,0.5217706540839595,75g,Y,1 raw small eating (6 to lb) ,
165,14-325,blueberries,FA,Fruit,punnet,0.0,,,,
166,14-382,"cherries, flesh and skin, raw",FA,Fruit,punnet,0.6377030814579907,250g,Y,1 raw small,
167,14-326,"citrus fruit, soft/easy peelers, flesh with skin",FA,Fruit,net,0.4759848897104173,250g,Y,1 raw small,
168,14-073,cranberries,FA,Fruit,punnet,0.0,,,,
169,14-074,currants,FA,Fruit,packet,0.0,,,,
170,14-077,"damsons, flesh and skin, raw",FA,Fruit,punnet,0.6377030814579907,250g,Y,1 raw small,
171,14-083,"dates, raw, flesh and skin",FA,Fruit,packet,0.6377030814579907,250g,Y,1 raw small,
172,14-087,dried mixed fruit,FA,Fruit,packet,0.47639143866863115,210g,Y,small can,
173,14-089,"elderberries, whole fruit",FA,Fruit,punnet,0.6090374090453259,51g,Y,standard,
174,14-100,"gooseberries, cooking, raw",FA,Fruit,punnet,0.5217706540839595,75g,Y,1 raw small eating (6 to lb) ,
175,14-384,"grapefruit, flesh only, raw",FA,Fruit,"loose, individual",0.5790008214718182,250g,Y,1 raw small,
176,14-322,"grapes, green",FA,Fruit,punnet,1.0,500g,"Y, P",pack,
177,14-118,"guava, flesh only, raw",FA,Fruit,"loose, individual",0.38882124272100155,,,,
178,14-371,"kiwi fruit, flesh only, raw",FA,Fruit,"loose, individual, punnet",0.36148966668798294,,,,
179,14-373,"kiwi fruit, flesh only, raw, weighed with skin",FA,Fruit,,0.6410694176751852,250g,Y,1 raw small,
180,14-125,"kumquats, whole fruit, raw",FA,Fruit,punnet,0.4944786309404167,51g,Y,standard,
181,14-128,"lemons, whole, without pips",FA,Fruit,"loose, individual, net",0.5034234444599086,51g,Y,standard,
182,14-131,"limes, flesh only",FA,Fruit,"loose, individual, net",0.4995987696019161,150g,Y,,
183,14-132,"limes, flesh and skin",FA,Fruit,,0.4469807271394421,,,,
184,14-133,"loganberries, raw",FA,Fruit,punnet,0.5217706540839595,75g,Y,1 raw small eating (6 to lb) ,
185,14-277,"lemon juice, fresh",FC,Fruit,,0.3732942656571834,,,,
186,14-378,"mangoes, ripe, flesh only, raw",FA,Fruit,"loose, individual",0.38882124272100155,,,,
187,14-379,"mangoes, raw, weighed with skin and stone",FA,Fruit,"loose, individual",0.6021332292344967,250g,Y,1 raw small,
188,14-339,"melon, canteloupe-type, flesh only",FA,Fruit,"loose, individual",0.4995987696019161,150g,Y,,
189,14-353,"melon, canteloupe-type, flesh and skin",FA,Fruit,"loose, individual",0.4469807271394421,,,,
190,14-356,"melon, flesh and skin",FA,Fruit,"loose, individual",0.4469807271394421,,,,
191,14-168,"mulberries, whole fruit, raw",FA,Fruit,punnet,0.4944786309404167,51g,Y,standard,
192,14-380,"nectarines, flesh and skin, raw",FA,Fruit,punnet,0.6377030814579907,250g,Y,1 raw small,
193,,"olives, ",FA,Fruit,"tin, jar",0.0,,,,
194,14-327,"oranges, flesh only",FA,Fruit,"loose, individual, net",0.4995987696019161,150g,Y,,
195,14-360,"oranges, flesh with peel and pips",FA,Fruit,"loose, individual, net",0.319740448146713,,,,
196,14-369,"orange juice, freshly squeezed",FC,Fruit,"carton, tetrapak, bottle",0.5816670690613766,49g,Y,bar,
197,14-361,"pears, average, flesh and skin, raw, weighed with core and stalk",F,Fruit,"loose, individual, bag",0.47580787521116363,250g,Y,1 raw small,
198,14-188,"peaches, canned in juice, whole contents",FA,Fruit,tin  ,0.4441862092202263,,,,
199,14-321,"pears, raw, flesh and skin",FA,Fruit,packet,0.6377030814579907,250g,Y,1 raw small,
200,14-376,"pineapple, flesh only, raw",FA,Fruit,"loose, individual",0.38882124272100155,,,,
201,14-377,"pineapple, flesh with skin and top",FA,Fruit,"loose, individual",0.44046611794847024,,,,
202,14-211,"pineapple, canned in juice, whole contents",FA,Fruit,"loose, individual",0.4441862092202263,,,,
203,14-396,"pineapple, dried",FA,Fruit,"loose, individual",0.0,,,,
204,14-220,"plums, victoria, flesh and skin, raw",FA,Fruit,,0.6377030814579907,250g,Y,1 raw small,
205,14-227,"pomegranate, flesh and pips, weighed with skin",FA,Fruit,"loose, individual",0.5607667432386894,250g,Y,1 raw small,
206,14-285,passion fruit juice,FC,Fruit,"carton, tetrapak, bottle",1.0000000000000002,200g,Y,individual carton,
207,14-179,"passion fruit, flesh and pips, weighed with skin",FA,Fruit,,0.5247907829548947,250g,Y,1 raw small,
208,14-341,pomegranate juice drink,FC,Fruit,"carton, tetrapak, bottle",0.6107467373168922,150g,Y,Stage 1 jars,
209,14-227,"pomegranate, flesh and pips, weighed with skin",FA,Fruit,,0.5607667432386894,250g,Y,1 raw small,
210,14-289,prune juice,FC,Fruit,"carton, tetrapak, bottle",0.8245414948477625,200g,Y,individual carton,
211,14-237,"prunes, canned in juice, whole contents",FA,Fruit,tin,0.4441862092202263,,,,
212,14-231,"prunes, flesh and skin",FA,Fruit,,0.4469807271394421,,,,
213,14-391,"prunes, ready-to-eat, semi-dried",FA,Fruit,,0.8184457305776414,125g,Y,per pot,
214,14-393,"raisins, dried",FA,Fruit,packet,0.7347334807489804,44g,Y,packet,
215,14-375,"raspberries, raw",FA,Fruit,punnet,0.5217706540839595,75g,Y,1 raw small eating (6 to lb) ,
216,14-249,"redcurrants, raw",FA,Fruit,punnet,0.5217706540839595,75g,Y,1 raw small eating (6 to lb) ,
217,14-252,"rhubarb, stems only, raw",FA,Fruit,bunch,0.38882124272100155,,,,
218,14-059,star fruit,FA,Fruit,"loose, individual",0.5658014875150271,200g,Y,individual carton,
219,14-324,"strawberries, raw",FA,Fruit,punnet,0.5217706540839595,75g,Y,1 raw small eating (6 to lb) ,
220,14-268,"whitecurrants, raw",FA,Fruit,punnet,0.5217706540839595,75g,Y,1 raw small eating (6 to lb) ,
221,13-801,"allspice, ground",H,Herbs and spices,spice jar,0.0,,,,
222,13-802,anise seeds,H,Herbs and spices,spice jar,0.0,,,,
223,13-803,asafoetida,H,Herbs and spices,,0.0,,,,
224,13-805,"basil, dried, ground",H,Herbs and spices,spice jar,0.0,,,,
225,13-804,"basil, fresh",H,Herbs and spices,bunch,0.4379536451697761,,,,
226,13-808,caraway seeds,H,Herbs and spices,spice jar,0.0,,,,
227,13-809,"cardamom, ground",H,Herbs and spices,spice jar,0.0,,,,
228,13-810,celery seeds,H,Herbs and spices,spice jar,0.0,,,,
229,13-811,"chervil, dried",H,Herbs and spices,spice jar,0.0,,,,
230,13-873,chilli powder,H,Herbs and spices,spice jar,0.4721944627262765,290g,Y,meal for one,
231,13-813,chinese 5 spice,H,Herbs and spices,spice jar,0.388480009945057,,,,
232,13-887,"chives, fresh",H,Herbs and spices,bunch,0.4379536451697761,,,,
233,13-874,"cinnamon, ground",H,Herbs and spices,spice jar,0.0,,,,
234,13-816,"cloves, dried",H,Herbs and spices,spice jar,0.0,,,,
235,13-818,"coriander leaves, dried",H,Herbs and spices,spice jar,0.0,,,,
236,13-889,cumin seeds,H,Herbs and spices,spice jar,0.0,,,,
237,13-876,curry powder,H,Herbs and spices,spice jar,0.4726432066559673,125g,Y,1 can ,
238,13-824,"dill, fresh",H,Herbs and spices,bunch,0.4379536451697761,,,,
239,13-829,garam masala,H,Herbs and spices,spice jar,0.0,,,,
240,13-830,garlic powder,H,Herbs and spices,spice jar,0.7256986511887664,20g,Y,1 slice,
241,13-890,"ginger, fresh",H,Herbs and spices,"loose, individual",0.4379536451697761,,,,
242,13-832,"ginger, ground",H,Herbs and spices,spice jar,0.0,,,,
243,13-835,"marjoram, dried",H,Herbs and spices,spice jar,0.0,,,,
244,13-836,"mint, fresh",H,Herbs and spices,bunch,0.38142698860813556,,,,
245,13-886,mixed curry spices,H,Herbs and spices,spice jar,0.37269958894677874,,,,
246,13-884,"mixed herbs, dried",H,Herbs and spices,spice jar,0.5399797505619117,210g,Y,small can,
247,13-839,mustard seeds,H,Herbs and spices,spice jar,1.0,5g,Y,I sachet,
248,13-877,"nutmeg, ground",H,Herbs and spices,spice jar,0.0,,,,
249,13-878,"oregano, dried, ground",H,Herbs and spices,spice jar,0.0,,,,
250,13-879,paprika,H,Herbs and spices,spice jar,0.0,,,,
251,13-844,"parsley, fresh",H,Herbs and spices,bunch,0.4379536451697761,,,,
252,13-880,"pepper, black",H,Herbs and spices,,0.5773502691896257,630g,Y,,
253,13-892,"rosemary, fresh",H,Herbs and spices,bunch,0.4379536451697761,,,,
254,13-852,saffron,H,Herbs and spices,spice jar,0.0,,,,
255,13-854,"sage, dried, ground",H,Herbs and spices,spice jar,0.0,,,,
256,19-646,"bacon rashers, back, fat trimmed, raw",MAA,Meat and meat products,,0.5570604721512142,25g/50g,Y,per bag,
257,18-006,"beef, braising steak, raw, lean",MAC,Meat and meat products,,0.5985515577650203,213g,Y,small,
258,18-003,"beef, fat, average, raw",MAC,Meat and meat products,,0.36158199868389024,,,,
259,18-016,"beef, fillet steak, raw, lean",MAC,Meat and meat products,,0.5985515577650203,213g,Y,small,
260,18-024,"beef, flank, raw, lean",MAC,Meat and meat products,,0.4604812858877775,,,,
261,18-468,"beef, lean, average, raw",MAC,Meat and meat products,,0.3583761996105854,,,,
262,18-469,"beef, mince, raw",MAC,Meat and meat products,,0.4604812858877775,,,,
263,18-054,"beef, silverside, raw, lean",MAC,Meat and meat products,,0.4604812858877775,,,,
264,18-064,"beef, sirloin steak, raw, lean",MAC,Meat and meat products,,0.5985515577650203,213g,Y,small,
265,18-084,"beef, topside, raw, lean",MAC,Meat and meat products,,0.4604812858877775,,,,
266,18-504,"chicken breast/steak, coated, baked",MCA,Meat and meat products,,0.649268362615639,100g,Y,,
267,18-501,"chicken pieces, coated, takeaway",MCA,Meat and meat products,,0.3278400135553574,,,,
268,18-293,"chicken, leg quarter, raw, meat and skin",MCA,Meat and meat products,,0.462416481826905,,,,
269,18-488,"chicken, meat, average, raw",MCA,Meat and meat products,,0.30431286458267365,,,,
270,18-297,"chicken, whole, raw, meat and skin",MCA,Meat and meat products,,0.4507749539321398,,,,
271,18-295,"chicken, wing quarter, raw, meat and skin",MCA,Meat and meat products,,0.462416481826905,,,,
272,18-503,"chicken/turkey pieces, coated, baked",MCA,Meat and meat products,,0.38225570890858146,,,,
273,19-538,chicken slices,MI,Meat and meat products,,0.7315260508587585,70g,Y,,
274,19-516,chorizo,MI,Meat and meat products,,0.0,,,,
275,19-128,"corned beef, canned",MI,Meat and meat products,tin,0.908566479902307,198g,Y,1 small can,
276,19-449,"curry, chicken balti, retail",MR,Meat and meat products,,0.5150936811769361,190g,Y,,
277,,"casserole, sausage,retail",MR,Meat and meat products,,0.6191496269055246,55g,Y,small can,
278,,"chow mein, chicken, retail",MR,Meat and meat products,,0.694708467167592,350g,Y,,
279,19-466,"cornish pasty, retail",MR,Meat and meat products,,0.5439839155777908,190g,Y,,
280,,"coronation chicken, retail",MR,Meat and meat products,,0.7055305814177105,190g,Y,,
281,18-489,"duck, meat only, raw",MCC,Meat and meat products,,0.4177770250202694,,,,
282,19-539,"doner kebabs, meat only",MR,Meat and meat products,,0.38882124272100155,,,,
283,,"enchiladas, meal kit, retail",MR,Meat and meat products,,0.4219773952553781,,,,
284,17-640,"ghee, butter",OF,Meat and meat products,,0.7316147147441441,25g,Y,1 portion pack,
285,19-496,ham,MAA,Meat and meat products,,0.570304809062063,180g,Y,,
286,,"haggis,",MI,Meat and meat products,,0.0,,,,
287,,"hot pot, lamb/beef with potatoes, retail,",MR,Meat and meat products,,0.4280971950057725,,,,
288,18-402,"kidney, lamb, raw",MG,Meat and meat products,,0.3276372622849897,,,,
289,18-478,"lamb, average, raw, lean and fat",MAE,Meat and meat products,,0.3751207245488478,,,,
290,18-111,"lamb, breast, raw, lean",MAE,Meat and meat products,,0.3854688935867116,,,,
291,18-115,"lamb, chump chops, raw, lean and fat",MAE,Meat and meat products,,0.326345181812868,,,,
292,18-481,"lamb, mince, raw",MAE,Meat and meat products,,0.5217706540839595,75g,Y,1 raw small eating (6 to lb) ,
293,18-413,"liver, lamb, raw",MG,Meat and meat products,,0.5217706540839595,75g,Y,1 raw small eating (6 to lb) ,
294,,"luncheon meat,",MI,Meat and meat products,,0.47976173784575904,200g,Y,main course,Confirmed on Ocado Website
295,19-326,"meat samosas, takeaway",MR,Meat and meat products,,0.30265722424273017,,,,
296,,"meatballs, beef, retail",MR,Meat and meat products,,0.6312258539799718,165g,Y,,
297,,"meatballs, in tomatoe sauce, retail",MR,Meat and meat products,,0.6236688410088802,170g,Y,"frozen, purchased",
298,18-419,"oxtail, raw",MG,Meat and meat products,,0.5217706540839595,75g,Y,1 raw small eating (6 to lb) ,
299,18-609,"pork, spare ribs, raw, lean and fat",MAG,Meat and meat products,,0.38141767594949677,,,,
300,18-387,"rabbit, raw, meat only",MEC,Meat and meat products,,0.3292848876869824,,,,
301,18-390,"venison, meat only, raw",MEE,Meat and meat products,,0.3292848876869824,,,,
302,12-500,"baking fat and margarine (75-90% fat), hard block",BTM,Milk and milk products,block,0.5323593660371249,10g,Y,"1 portion, packed",
303,12-333,"cream, fresh, whipping",BJC,Milk and milk products,tub,0.6117935967156881,150g,Y,1 small carton (5 fi. oz),
304,12-537,"cheese spread, plain, reduced fat",BL,Milk and milk products,tub,0.36969372513692517,,,,
305,12-346,"cheese, cheddar, english",BL,Milk and milk products,block,0.5160399476055892,20g,Y,per bag,
306,12-354,"cheese, danish blue",BL,Milk and milk products,tub,0.5565227960731726,400g,Y,loaf,
307,12-357,"cheese, goats milk, full fat, soft, white rind",BL,Milk and milk products,,0.4085775223812573,,,,
308,12-360,"cheese, mozzarella, fresh",BL,Milk and milk products,,0.37513555272008836,,,,
309,12-549,"cheese, processed, slices, reduced fat",BL,Milk and milk products,,0.41276925484231025,,,,
310,12-486,"cheese, white cheshire",BL,Milk and milk products,,0.39234473592603214,,,,
311,12-507,cornetto type ice cream cone,BP,Milk and milk products,box,0.9999999999999998,60g,Y,tub,
312,12-542,"cheesecake, fruit, individual",BR,Milk and milk products,,0.9022530331020885,90g,Y,individual,
313,12-461,"tarts, custard, individual",BR,Milk and milk products,,0.651160489299685,150g,Y,,
314,12-543,"custard, ready to eat, canned and tetra-pak",BR,Milk and milk products,can,0.6284467141784099,125g,Y,per pot,
315,12-398,"desserts, dairy, chocolate",BR,Milk and milk products,,0.6194454898323712,128g,Y,Can,
316,12-508,"ice cream, dairy, vanilla, soft scoop",BP,Milk and milk products,,0.6017230004246014,48g,Y,bar,
317,12-509,"ice cream, non dairy, vanilla, soft scoop",BP,Milk and milk products,,0.6017230004246014,48g,Y,bar,
318,,"jelly, retail",BR,Milk and milk products,,0.4495812272375209,,,,
319,12-373,"lassi, sweetened",BN,Milk and milk products,bottle,0.0,,,,
320,12-390,"lollies, containing ice-cream",BP,Milk and milk products,,0.9999999999999998,60g,Y,tub,
321,12-389,"lollies, with real fruit juice",BP,Milk and milk products,,0.6415578727052117,200g,Y,individual carton,
322,12-512,"milk, 1% fat, pasteurised",BA,Milk and milk products,"bottle 1 pint, 2 pint, 4 pint, 6 pint, carton 1 litre",0.4929977785729185,585g,Y,1 pint,
323,12-322,"milk, channel islands, whole, summer",BAB,Milk and milk products,"bottle 1 pint, 2 pint, 4 pint, 6 pint, carton 1 litre",0.5736496827870826,51g,Y,standard,
324,12-307,"milk, skimmed, pasteurised, average",BAE,Milk and milk products,"bottle 1 pint, 2 pint, 4 pint, 6 pint, carton 1 litre",0.43934989892938286,,,,
325,12-313,"milk, semi-skimmed, pasteurised, average",BAH,Milk and milk products,"bottle 1 pint, 2 pint, 4 pint, 6 pint, carton 1 litre",0.43934989892938286,,,,
326,12-596,"milk, whole, pasteurised, average",BAK,Milk and milk products,"bottle 1 pint, 2 pint, 4 pint, 6 pint, carton 1 litre",0.38372184393312087,,,,
327,12-520,"milk, condensed, whole, sweetened",BAR,Milk and milk products,tin,0.5736496827870826,51g,Y,standard,
328,12-522,"milk, evaporated, whole",BAR,Milk and milk products,tin,0.7799940752349114,170g,Y,1 small can,
329,12-524,"milk, soya, non-dairy alternative to milk, unsweetened, fortified",BC,Milk and milk products,"carton, 1L",0.5522507557686027,585g,Y,1 pint,
330,12-401,"mousse, chocolate, low fat",BR,Milk and milk products,,0.45063252628644856,,,,
331,12-553,"pudding, rice, canned, low fat",BR,Milk and milk products,tin,0.5185810259268044,300g,Y,1 packet made up,
332,,"raita, retail",BV,Milk and milk products,,0.5439839155777908,190g,Y,,
333,12-555,"yogurt, greek style, plain",BN,Milk and milk products,,0.6071018075322043,125g,Y,,
334,12-375,"yogurt, whole milk, fruit",BN,Milk and milk products,,0.5747101949421778,150g,Y,pots,
335,14-870,"almonds, flaked and ground",GA,Nuts and seeds,packet,0.4128321927436697,,,,
336,14-897,"almonds, toasted",GA,Nuts and seeds,packet,0.0,,,,
337,14-896,"almonds, whole kernels",GA,Nuts and seeds,packet,0.6833968945106905,51g,Y,standard,
338,14-895,"breadnut seeds, dried",G,Nuts and seeds,packet,0.0,,,,
339,14-806,betel nuts,GA,Nuts and seeds,packet,0.7026975536924479,47g,Y,packet,
340,14-813,"chestnuts, kernel only, raw",GA,Nuts and seeds,packet,0.38882124272100155,,,,
341,14-889,"coconut milk, retail",GA,Nuts and seeds,carton/tetrapak,0.4333787599246385,,,,
342,14-874,"hazelnuts, kernel only",GA,Nuts and seeds,packet,0.4995987696019161,150g,Y,,
343,14-891,"macadamia nuts, salted",G,Nuts and seeds,packet,0.48728992129222204,47g,Y,packet,
344,14-875,"marzipan, white and yellow, retail",GA,Nuts and seeds,packet,0.3462661244055344,,,,
345,14-880,"nuts, mixed",GA,Nuts and seeds,packet,0.58658499743791,40g,Y,per bag,Tesco Website
346,14-892,"peanut butter, smooth",GA,Nuts and seeds,jar,1.0000000000000002,25g,Y,1 portion pack,
347,14-882,peanuts and raisins,GA,Nuts and seeds,packet,0.46721302104622514,,,,
348,14-840,"pistachio nuts, kernel only, roasted and salted",GA,Nuts and seeds,packet,0.5398267564096042,25g,Y,"small, per bag",
349,14-843,"quinoa, raw",GA,Nuts and seeds,packet,0.5217706540839595,75g,Y,1 raw small eating (6 to lb) ,
350,14-845,sunflower seeds,GA,Nuts and seeds,packet,0.0,,,,
351,14-879,"walnuts, kernel only",GA,Nuts and seeds,packet,0.4995987696019161,150g,Y,,
352,,"apple sauce, retail",WC,"Soups, sauces and miscellaneous foods",jar,0.3636984383651361,,,,
353,17-705,barbecue sauce,WC,"Soups, sauces and miscellaneous foods",,0.6385992453731303,20g,Y,1 portion pack,
354,17-678,"brown sauce, reduced salt/sugar",WCN,"Soups, sauces and miscellaneous foods",,0.5708375592092538,20g,Y,1 portion pack,
355,17-697,"chicken soup, cream of, canned, condensed, as served",WAC,"Soups, sauces and miscellaneous foods",can,0.48958530391038363,405g,Y,large can,
356,17-719,chilli sauce,WC,"Soups, sauces and miscellaneous foods",,0.3809243625543377,,,,
357,,cheese sauce,WCD,"Soups, sauces and miscellaneous foods",,0.49608109363829955,20g,Y,1 portion pack,
358,17-345,"chutney, tomato",WCG,"Soups, sauces and miscellaneous foods",jar,0.5609625599759139,12g,Y,I sachet,
359,17-358,cream of tartar,WY,"Soups, sauces and miscellaneous foods",sachet,0.6117935967156881,150g,Y,1 small carton (5 fi. oz),
360,17-715,"dressing, blue cheese",WCG,"Soups, sauces and miscellaneous foods",,0.5160399476055892,20g,Y,per bag,
361,17-701,"dressing, french",WCG,"Soups, sauces and miscellaneous foods",,0.5649391010131841,130g,Y,regular,
362,17-717,"dressing, thousand island",WCG,"Soups, sauces and miscellaneous foods",,0.0,,,,
363,,"guacamole, retail",WC,"Soups, sauces and miscellaneous foods",,0.5439839155777908,190g,Y,,
364,17-360,gelatine,WY,"Soups, sauces and miscellaneous foods",,0.0,,,,
365,17-724,gravy instant granules,WY,"Soups, sauces and miscellaneous foods",,0.6762755873735299,280g,Y,"1 packet, made up",
366,,"hollandaise sauce, retail",WC,"Soups, sauces and miscellaneous foods",jar,0.44246962936296075,,,,
367,,"hollandaise sauce, vegan, retail",WC,"Soups, sauces and miscellaneous foods",jar,0.41022811430352,,,,
368,17-654,"mayonnaise, standard, retail",WCG,"Soups, sauces and miscellaneous foods",,0.7049973032090611,165g,Y,,
369,17-364,"mustard, smooth",WY,"Soups, sauces and miscellaneous foods",jar,1.0,5g,Y,I sachet,
370,17-623,"pesto, red",WC,"Soups, sauces and miscellaneous foods",jar,0.0,,,,
371,17-718,"pickle, sweet",WCG,"Soups, sauces and miscellaneous foods",jar,0.6817183503250039,20g,Y,1 portion pack,
372,17-702,piccalilli,WCN,"Soups, sauces and miscellaneous foods",jar,0.0,,,,
373,17-354,"relish, tomato based",WCN,"Soups, sauces and miscellaneous foods",jar,0.5609625599759139,12g,Y,I sachet,
374,17-711,"soup, minestrone, canned",WA,"Soups, sauces and miscellaneous foods",can,0.8242849247779618,405g,Y,large can,
375,17-695,"soup, chicken, cream of, canned",WAC,"Soups, sauces and miscellaneous foods",can,0.48958530391038363,405g,Y,large can,
376,17-652,"soup, cream of tomato, canned",WAC,"Soups, sauces and miscellaneous foods",can,0.485596905414717,405g,Y,large can,
377,17-698,"soup, lentil, canned",WAC,"Soups, sauces and miscellaneous foods",can,0.8242849247779618,405g,Y,large can,
378,17-700,"soup, oxtail, canned",WAC,"Soups, sauces and miscellaneous foods",can,0.8242849247779618,405g,Y,large can,
379,17-712,"soup, vegetable, canned",WAC,"Soups, sauces and miscellaneous foods",can,0.6480274773621819,210g/440g,Y,can,
380,17-653,"soup, instant, dried, as purchased",WAE,"Soups, sauces and miscellaneous foods",can,0.6248409999481306,405g,Y,large can,
381,17-628,"sauce, chinese cook in, sweet & sour",WC,"Soups, sauces and miscellaneous foods",,0.8396080862321795,25g,Y,,
382,17-629,"sauce, chinese stir fry",WC,"Soups, sauces and miscellaneous foods",,0.44588408884997655,,,,
383,17-703,salad cream,WCG,"Soups, sauces and miscellaneous foods",,1.0000000000000002,12g,Y,1 sachet,
384,,"sauce, sweet and sour, retail",WCN,"Soups, sauces and miscellaneous foods",jar,0.8158632989392838,25g,Y,,
385,17-721,"soy sauce, light and dark varieties",WCN,"Soups, sauces and miscellaneous foods",,0.36158506000028373,,,,
386,17-367,salt,WY,"Soups, sauces and miscellaneous foods",,0.4939178495572992,10g,Y,per bag,
387,17-515,"stock cubes, beef",WY,"Soups, sauces and miscellaneous foods",,0.6300236984151741,198g,Y,1 small can,
388,17-680,stock gel,WY,"Soups, sauces and miscellaneous foods",,0.0,,,,
389,17-681,"stock, chicken, ready made, retail",WY,"Soups, sauces and miscellaneous foods",,0.5668929239393119,190g,Y,,
390,17-339,vinegar,WY,"Soups, sauces and miscellaneous foods",,0.4939178495572992,10g,Y,per bag,
391,,"white sauce, retial",WCD,"Soups, sauces and miscellaneous foods",jar,0.4170051921513854,,,,
392,,"white sauce, vegan, retial",WCD,"Soups, sauces and miscellaneous foods",jar,0.3970774041314801,,,,
393,17-723,worcestershire sauce,WCN,"Soups, sauces and miscellaneous foods",,0.6385992453731303,20g,Y,1 portion pack,
394,17-377,"water, distilled",WY,"Soups, sauces and miscellaneous foods",,0.6981756688904391,500g,Y,large,
395,17-517,yeast extract,WY,"Soups, sauces and miscellaneous foods",jar,0.0,,,,
396,17-659,chocolate spread,SC,"Sugars, preserves and snacks",jar,0.5405195886759304,50g,Y,average,
397,17-658,chocolate covered bar with caramel and cereal,SEA,"Sugars, preserves and snacks","indiviudal bar, multipack",0.49982544097656983,50g,Y,bar,
398,17-763,creme egg,SEA,"Sugars, preserves and snacks",individual,0.9195908258882448,39g,Y,,Ocado Website
399,17-645,corn snacks,SN,"Sugars, preserves and snacks",bag,0.44017687022652346,,,,
400,,"chevda/chevra/chewra, retial",SNC,"Sugars, preserves and snacks",,0.0,,,,
401,17-049,"glucose liquid, bp",SC,"Sugars, preserves and snacks",tube,0.0,,,,
402,17-050,honey,SC,"Sugars, preserves and snacks",jar,0.5390736920579159,135g,Y,,
403,17-689,"ice cream sauce, topping, strawberry and chocolate flavours",SC,"Sugars, preserves and snacks",,0.7229402232147197,60g,Y,tub,
404,17-075,"jam, reduced sugar",SC,"Sugars, preserves and snacks",jar,0.5890948634186755,6g,Y,1 'packet' sugar,
405,17-777,liquorice allsorts,SEC,"Sugars, preserves and snacks",bag,0.8121268773519039,115g,Y,box,
406,17-078,marmalade,SC,"Sugars, preserves and snacks",jar,0.5,20g,Y,1 individual carton,
407,17-651,maltesers and similar products,SEA,"Sugars, preserves and snacks","individual bag, share bag",0.6540976878903091,80g,Y,family bag,
408,17-668,mars bar and own brand equivalents,SEA,"Sugars, preserves and snacks","indiviudal bar, multipack",0.5707130199207513,100g,Y,kingsize,
409,17-669,milky way and own brand equivalents,SEA,"Sugars, preserves and snacks","indiviudal bar, multipack",0.6613051075772095,26g,Y,standard,
410,17-114,marshmallows,SEC,"Sugars, preserves and snacks",,1.0,40g,Y,bag,
411,,nougat,SEC,"Sugars, preserves and snacks",,1.0,114g,Y,large bar,
412,17-117,peppermints,SEC,"Sugars, preserves and snacks",,0.0,,,,
413,17-692,"popcorn, salted, retail",SN,"Sugars, preserves and snacks",,0.45273390668168284,,,,
414,17-132,pork scratchings,SN,"Sugars, preserves and snacks",bag,1.0,22g,Y,per bag,
415,17-693,"potato crisps, low fat",SN,"Sugars, preserves and snacks",bag,0.5105148575263924,25/27/28/30g,Y,small,
416,17-060,"sugar, brown",SC,"Sugars, preserves and snacks",bag,0.7449274553634044,6g,Y,1 'packet' sugar,
417,17-062,"sugar, icing",SC,"Sugars, preserves and snacks",bag,1.0,6g,Y,1 'packet' sugar,
418,17-063,"sugar, white",SC,"Sugars, preserves and snacks",bag,0.7574469549657481,6g,Y,1 'packet' sugar,
419,17-065,"syrup, golden",SC,"Sugars, preserves and snacks",tin,0.43180109409840817,,,,
420,17-096,smartie-type sweets,SEA,"Sugars, preserves and snacks",tube,0.0,,,,
421,,"ackee, canned",DG,Vegetables,tin,0.5661752050238423,210g,Y,1 can,
422,13-146,"agar, dried",DG,Vegetables,,0.0,,,,
423,13-148,"alfalfa sprouts, raw",DG,Vegetables,,0.5217706540839595,75g,Y,1 raw small eating (6 to lb) ,
424,13-149,"amaranth leaves, raw",DG,Vegetables,,0.5217706540839595,75g,Y,1 raw small eating (6 to lb) ,
425,13-151,"arrowhead, raw",DG,Vegetables,,0.5217706540839595,75g,Y,1 raw small eating (6 to lb) ,
426,13-153,"artichoke, globe, raw",DG,Vegetables,"loose, individual",0.5217706540839595,75g,Y,1 raw small eating (6 to lb) ,
427,,"artichoke, canned",DG,Vegetables,tin,0.5661752050238423,210g,Y,1 can,
428,,"artichoke, jar",DG,Vegetables,jar,0.0,,,,
429,13-157,"asparagus, raw",DG,Vegetables,"bunch, packet",0.5217706540839595,75g,Y,1 raw small eating (6 to lb) ,
430,13-161,"aubergine, raw",DG,Vegetables,"loose, individual",0.5217706540839595,75g,Y,1 raw small eating (6 to lb) ,
431,13-532,"baked beans, canned in tomato sauce",DB,Vegetables,tin,0.6049179291061506,150g/205g,Y,1 small can,
432,13-041,"beans, aduki, whole, dried, raw",DB,Vegetables,packet,0.4588965051386906,,,,
433,,"beans, aduki, canned",DB,Vegetables,tin,0.5740165594258579,170g,Y,small can,
434,13-062,"beans, blackeye, whole, dried, raw",DB,Vegetables,packet,0.4588965051386906,,,,
435,,"beans, blackeye, canned",DB,Vegetables,tin,0.5740165594258579,170g,Y,small can,
436,13-070,"beans, butter, dried, raw",DB,Vegetables,packet,0.4784274767761084,25g,Y,1 portion pack,
437,,"beans, butter, canned",DB,Vegetables,tin,0.509739750334061,25g,Y,1 portion pack,
438,13-074,"beans, chick peas, kabuli, whole, dried, raw",DB,Vegetables,packet,0.4588965051386906,,,,
439,,"beans, chick peas, canned",DB,Vegetables,tin,0.5740165594258579,170g,Y,small can,
440,13-080,"beans, cluster, raw",DB,Vegetables,packet,0.5108259209609609,170g,Y,small can,
441,,"beans, edamame, frozen",DB,Vegetables,packet,0.5459200743723706,100g,Y,tubs,
442,,"beans, edamame, canned",DB,Vegetables,tin,0.5740165594258579,170g,Y,small can,
443,13-514,"beans, green, raw",DB,Vegetables,packet,0.5108259209609609,170g,Y,small can,
444,13-086,"beans, haricot, whole, dried, raw",DB,Vegetables,jar,0.4588965051386906,,,,
445,,"beans, haricot, canned",DB,Vegetables,tin,0.5740165594258579,170g,Y,small can,
446,13-098,"beans, mung, dahl, dried, raw",DB,Vegetables,packet,0.5108259209609609,170g,Y,small can,
447,13-102,"beans, pigeon peas, whole, dried, raw",DB,Vegetables,packet,0.4588965051386906,,,,
448,13-106,"beans, pinto, dried, raw",DB,Vegetables,packet,0.5108259209609609,170g,Y,small can,
449,,"beans, pinto, canned, ",DB,Vegetables,tin,0.5740165594258579,170g,Y,small can,
450,13-109,"beans, red kidney, dried, raw",DB,Vegetables,packet,0.37852738864469765,,,,
451,,"beans, red kidney, canned",DB,Vegetables,tin,0.4021974854289297,,,,
452,13-112,"beans, runner, raw",DB,Vegetables,packet,0.5108259209609609,170g,Y,small can,
453,13-115,"beans, soya, dried, raw",DB,Vegetables,packet,0.4517677827144902,,,,
454,13-117,"beans, sword, raw",DB,Vegetables,packet,0.5108259209609609,170g,Y,small can,
455,13-426,"beansprouts, mung, raw",DB,Vegetables,packet,0.5217706540839595,75g,Y,1 raw small eating (6 to lb) ,
456,13-056,"black gram, urad gram, whole, dried, raw",DB,Vegetables,packet,0.40948256896387025,,,,
457,13-164,"beetroot, raw",DG,Vegetables,"loose, individual",0.5217706540839595,75g,Y,1 raw small eating (6 to lb) ,
458,13-167,"breadfruit, raw",DG,Vegetables,"loose, individual",0.5217706540839595,75g,Y,1 raw small eating (6 to lb) ,
459,13-502,"broccoli, green, raw",DG,Vegetables,"loose, individual",0.5217706540839595,75g,Y,1 raw small eating (6 to lb) ,
460,13-174,"broccoli, purple sprouting, raw",DG,Vegetables,packet,0.5217706540839595,75g,Y,1 raw small eating (6 to lb) ,
461,13-177,"brussels sprouts, raw",DG,Vegetables,packet,0.5217706540839595,75g,Y,1 raw small eating (6 to lb) ,
462,,"beanburger, retail",DR,Vegetables,packet,0.555039464224106,240g,Y,,
463,,"beanburger, vegetarian",DR,Vegetables,packet,0.5499053191302885,240g,Y,,
464,13-067,"beans, broad, dried, raw",DB,Vegetables,"loose, individual",0.5108259209609609,170g,Y,small can,
465,,"beans, broad, canned",DB,Vegetables,tin,0.5740165594258579,170g,Y,small can,
466,13-064,"beans, broad, whole, raw, without pod",DB,Vegetables,packet,0.5042882862533122,67g,Y,1 raw small eating (6 to lb) ,
467,,"beans, cannellini, canned",DB,Vegetables,can,0.5740165594258579,170g,Y,small can,
468,13-582,"cabbage, average, raw",DG,Vegetables,"loose, individual",0.33696952806050073,,,,
469,13-187,"cabbage, chinese, raw",DG,Vegetables,"loose, individual",0.3756950508902129,,,,
470,13-510,"cabbage, green, raw",DG,Vegetables,"loose, individual",0.5217706540839595,75g,Y,1 raw small eating (6 to lb) ,
471,13-190,"cabbage, red, raw",DG,Vegetables,"loose, individual",0.5217706540839595,75g,Y,1 raw small eating (6 to lb) ,
472,13-509,"cabbage, white, raw",DG,Vegetables,"loose, individual",0.3595511553106008,,,,
473,13-448,"carrots, young, raw",DG,Vegetables,"loose, individual, bag",0.5217706540839595,75g,Y,1 raw small eating (6 to lb) ,
474,13-512,"cauliflower, raw",DG,Vegetables,"loose, individual",0.5217706540839595,75g,Y,1 raw small eating (6 to lb) ,
475,13-219,"celeriac, raw",DG,Vegetables,"loose, individual",0.5217706540839595,75g,Y,1 raw small eating (6 to lb) ,
476,13-636,"celery, raw",DG,Vegetables,"loose, individual",0.5217706540839595,75g,Y,1 raw small eating (6 to lb) ,
477,13-223,"chard, swiss, raw",DG,Vegetables,"loose, individual",0.3430785788843968,,,,
478,13-225,"chicory, pale variety, raw",DG,Vegetables,"loose, individual",0.5217706540839595,75g,Y,1 raw small eating (6 to lb) ,
479,13-627,"courgette, raw",DG,Vegetables,"loose, individual",0.5217706540839595,75g,Y,1 raw small eating (6 to lb) ,
480,13-234,"curly kale, raw",DG,Vegetables,bag,0.5244946419038103,29g,Y,,
481,,"casserole, vegetable, retail",DR,Vegetables,packet,0.5356753423042451,210g/440g,Y,can,
482,15-637,"cauliflower cheese, retail",DR,Vegetables,packet,0.68065593031041,185g,Y,,
483,15-635,"coleslaw, not low calorie, retail",DR,Vegetables,packet,0.442160970799803,,,,
484,,"curry, vegetable, mixed, canned",DR,Vegetables,tin,0.5333505277735553,210g/440g,Y,can,
485,13-244,"garlic, raw",DG,Vegetables,"individual, pack",0.5373215870626379,20g,Y,1 slice,
486,13-245,"gherkins, raw",DG,Vegetables,jar,0.5217706540839595,75g,Y,1 raw small eating (6 to lb) ,
487,13-608,"green beans, dried",DI,Vegetables,packet,0.748765532704433,170g,Y,small can,
488,,"green beans, in water, canned ",DI,Vegetables,tin,0.5302529867174867,170g,Y,small tin,
489,13-556,houmous,DB,Vegetables,packet,0.0,,,,
490,13-258,"horseradish, raw",DG,Vegetables,,0.6397631474243365,12g,Y,1 sachet,
491,13-261,"kohl rabi, raw",DG,Vegetables,"loose, individual",0.5217706540839595,75g,Y,1 raw small eating (6 to lb) ,
492,15-809,khadhi,DR,Vegetables,,0.0,,,,
493,13-089,"lentils, green and brown, whole, dried, raw",DB,Vegetables,packet,0.416155216135843,,,,
494,,"lentils, canned",DB,Vegetables,can,0.5661752050238423,210g,Y,1 can,
495,13-624,"leeks, raw",DG,Vegetables,"loose, individual",0.5217706540839595,75g,Y,1 raw small eating (6 to lb) ,
496,13-520,"lettuce, average, raw",DG,Vegetables,"loose, individual",0.33696952806050073,,,,
497,13-271,"lotus tubers, raw",DG,Vegetables,,0.5217706540839595,75g,Y,1 raw small eating (6 to lb) ,
498,15-651,"lasagne, vegetable, retail",DR,Vegetables,packet,0.485354427933031,290g,Y,"purchased ready meal for one, average",
499,13-505,"mushrooms, white, raw",DG,Vegetables,packet,0.2846882824400362,,,,
500,13-298,"mustard leaves, raw",DG,Vegetables,,0.778267014209857,5g,Y,I sachet,
501,15-652,"moussaka, vegetable, retail",DR,Vegetables,packet,0.5356753423042451,210g/440g,Y,can,
502,13-300,"okra, raw",DG,Vegetables,packet,0.5217706540839595,75g,Y,1 raw small eating (6 to lb) ,
503,13-499,"onions, raw",DG,Vegetables,"loose, individual",0.5217706540839595,75g,Y,1 raw small eating (6 to lb) ,
504,,"potatoes,",DA,Vegetables,,1.0,75g,Y,small,
505,,"potato chips,",DAP,Vegetables,,0.42627411041311614,,,,
506,,"potato wedges, retail, ",DAR,Vegetables,,0.3328058762668199,,,,
507,,"peas, canned in water",DF,Vegetables,tin,0.4761031794274234,500g,Y,large,
508,13-527,"peas, frozen, raw",DF,Vegetables,,0.5269950195183689,100g,Y,tubs,
509,,"pak choi, raw",DG,Vegetables,,0.5217706540839595,75g,Y,1 raw small eating (6 to lb) ,
510,13-311,"papaya, unripe, green flesh, raw",DG,Vegetables,"loose, individual",0.5217706540839595,75g,Y,1 raw small eating (6 to lb) ,
511,13-312,"parsnip, raw",DG,Vegetables,"loose, individual, packet",0.5217706540839595,75g,Y,1 raw small eating (6 to lb) ,
512,13-524,"pepper, capsicum, red, raw",DG,Vegetables,"loose, individual",0.5217706540839595,75g,Y,1 raw small eating (6 to lb) ,
513,13-323,"plantain, green flesh, raw",DG,Vegetables,"loose, individual",0.5217706540839595,75g,Y,1 raw small eating (6 to lb) ,
514,13-326,"pumpkin, flesh only, raw",DG,Vegetables,"loose, individual",0.38882124272100155,,,,
515,15-262,quorn korma,DR,Vegetables,,0.2824348615524972,,,,
516,13-332,"radish leaves, raw",DG,Vegetables,,0.5217706540839595,75g,Y,1 raw small eating (6 to lb) ,
517,13-522,"rocket, raw",DG,Vegetables,packet,0.5217706540839595,75g,Y,1 raw small eating (6 to lb) ,
518,15-869,"roulade, spinach",DR,Vegetables,,0.0,,,,
519,13-521,"spinach, baby, raw",DG,Vegetables,packet,0.5560829087551052,150g,Y, Jar,
520,13-359,"swede, flesh only, raw",DG,Vegetables,,0.38882124272100155,,,,
521,,"swede, raw,flesh and skin",DG,Vegetables,,0.6377030814579907,250g,Y,1 raw small,
522,13-463,"sweet potato, raw, flesh only",DG,Vegetables,packet,0.3026184963525418,,,,
523,,"sweet potato, raw, flesh and skin",DG,Vegetables,packet,0.45453908251346026,,,,
524,,"sweetcorn kernels, canned",DG,Vegetables,tin,0.5661752050238423,210g,Y,1 can,
525,13-622,"sweetcorn, kernels, raw",DG,Vegetables,packet,0.5217706540839595,75g,Y,1 raw small eating (6 to lb) ,
526,,sweetcorn on a cob,DG,Vegetables,packet,0.46662472018584683,,,,
527,15-872,"salad, pasta, vegetables and mayonnaise",DR,Vegetables,,0.6505692411074603,12g,Y,I portion pack,
528,15-883,"shepherd's pie, vegetable",DR,Vegetables,,0.5275180899043339,480g,Y,large,
529,15-617,"sushi, vegetable",DR,Vegetables,,0.6940142317217532,210g/440g,Y,can,
530,,"vegetables, mixed, frozen",DG,Vegetables,,0.47919617530556785,100g,Y,tubs,
531,15-656,"vegeburger, retail, grilled",DR,Vegetables,,0.5439839155777908,190g,Y,,
532,,"vegetable stir fry mix,",DR,Vegetables,packet,0.41330593826594947,,,,
533,13-673,"watercress, raw",DG,Vegetables,packet,0.5217706540839595,75g,Y,1 raw small eating (6 to lb) ,
534,13-397,"yam, flesh only, raw",DG,Vegetables,,0.38882124272100155,,,,
