,Food Code,Food Name,Food sub-group codes,Food Group,Sale format(s),Source,Similarity Score,Weight,PurEqualCon,Portion Consumed
0,17-208,beer bitter best premium,QA,Alcoholic beverages,"can, can multipack, bottle, bottle multipack",,0.60179913,333g,Y,small can
1,17-224,cider sweet,QC,Alcoholic beverages,"can, can multipack, bottle, bottle multipack",,0,,,
2,17-234,port,QF,Alcoholic beverages,bottle,,0,,,
3,17-236,sherry medium,QF,Alcoholic beverages,bottle,,0.792070194,200g,Y,medium
4,17-247,spirits 40% volume,QK,Alcoholic beverages,"bottle, miniature",,0.707106781,29g,Y,1 miniature
5,17-239,vermouth dry,QG,Alcoholic beverages,bottle,,0.585808251,,,
6,17-752,wine red,QE,Alcoholic beverages,"bottle, small bottle, box",,0.711738917,750ml,Y,1 average bottle
7,17-756,wine white medium,QE,Alcoholic beverages,"bottle, small bottle, box",,0.436784423,,,
8,14-272,apple juice concentrate unsweetened commerical,PE,Beverages,"carton, tetrapak, bottle",,0.382359964,,,
9,17-632,coffee cappuccino latte,P,Beverages,,,0.537875534,,,
10,17-175,cola,PCA,Beverages,"can, ready to drink bottle, sharing bottle",,0,,,
11,17-744,cranberry fruit juice drink,PE,Beverages,"carton, tetrapak, bottle",,0.491516141,,,
12,17-498,drinking chocolate powder,PAA,Beverages,,,0.536800808,,,
13,17-672,energy drink carbonated,PCA,Beverages,"can, ready to drink bottle, sharing bottle",,0.746239174,330ml,Y,standard can
14,17-745,grape juice unsweetened,PE,Beverages,"carton, tetrapak, bottle",,0.533119355,,,
15,17-731,horlicks powder,PAA,Beverages,,,0.534963322,,,
16,17-179,lemonade,PCA,Beverages,"can, ready to drink bottle, sharing bottle",,0,,,
17,17-761,lucozade,PCA,Beverages,"ready to drink bottle, sharing bottle",,0,,,
18,17-751,lager premium,QA,Beverages,"can, multipack can, bottle, multipack bottle",,0.60179913,333g,Y,small can
19,17-244,liqueurs high strength,QI,Beverages,"bottle, miniature",,0.8017021,150g,Y,pots
20,17-733,milk shake powder,PAA,Beverages,,,0.595809262,,,
21,17-734,ovaltine powder,PAA,Beverages,,,0,,,
22,11-001,arrowroot,AA,Cereals and cereal products,,,0,,,
23,11-002,barley pearl,AA,Cereals and cereal products,packet,,0.653897539,180g,Y,I bottle
24,11-906,bran wheat,AA,Cereals and cereal products,cereal box,,0,,,
25,11-006,buckwheat groats,AA,Cereals and cereal products,packet,,0,,,
26,11-1144,bread rolls brown crusty,AF,Cereals and cereal products,"loose, individual
multiple pack",,0.437122973,,,
27,11-1006,bread rolls white soft,AF,Cereals and cereal products,"loose, individual
multiple pack",,0.385388461,,,
28,11-971,bread brown average,AF,Cereals and cereal products,loaf,,0.406249003,,,
29,11-969,bread ciabatta,AF,Cereals and cereal products,"loose, individual
multiple pack",,0.546808896,,,
30,11-937,bread garlic and herb,AF,Cereals and cereal products,"loose, individual
multiple pack",,0.66582184,20g,Y,1 slice
31,11-910,bread naan peshwari naan takeaway and,AF,Cereals and cereal products,"loose, individual
multiple pack",,0.675200351,260g,"Y, P",2 in a pack
32,11-973,bread naan,AF,Cereals and cereal products,"loose, individual
multiple pack",,0.747909276,260g,"Y, P",2 in a pack
33,11-974,bread pitta white,AF,Cereals and cereal products,"loose, individual
multiple pack",,0.372316196,,,
34,11-947,bread seeded,AF,Cereals and cereal products,loaf,,0.546808896,,,
35,11-1145,bread white average,AF,Cereals and cereal products,loaf,,0.346019525,,,
36,11-977,bread white farmhouse or split tin,AF,Cereals and cereal products,loaf,,0.324142016,,,
37,11-978,bread white french stick,AF,Cereals and cereal products,baguette,,0.331416808,,,
38,11-980,bread white sliced,AF,Cereals and cereal products,loaf,,0.287840536,,,
39,11-981,bread wholemeal average,AF,Cereals and cereal products,loaf,,0.472316365,,,
40,11-983,bread rolls brown soft,AG,Cereals and cereal products,"loose, individual
multiple pack",,0.385388461,,,
41,11-984,bread rolls malted wheat,AG,Cereals and cereal products,"loose, individual
multiple pack",,0.546808896,,,
42,11-985,bread rolls white crusty,AG,Cereals and cereal products,"loose, individual
multiple pack",,0.372316196,,,
43,11-986,bread rolls wholemeal,AG,Cereals and cereal products,"loose, individual
multiple pack",,0.546808896,,,
44,11-763,breakfast cereal bran flakes fortified,AI,Cereals and cereal products,cereal box,,0,,,
45,11-742,breakfast cereal cornflakes fortified,AI,Cereals and cereal products,cereal box,,0,,,
46,11-779,breakfast cereal fruit and fibre type fortified,AI,Cereals and cereal products,cereal box,,0.489562303,,,
47,11-755,breakfast cereal honey loops and hoops including honey and nut cheerios fortified,AI,Cereals and cereal products,cereal box,,0.500714809,,,
48,11-792,breakfast cereal instant hot oat fortified,AI,Cereals and cereal products,cereal box,,0.360417227,,,
49,11-753,breakfast cereal rice chocolate flavoured fortified,AI,Cereals and cereal products,cereal box,,0.365058523,,,
50,11-778,breakfast cereal shredded wheat honey nut nestle,AI,Cereals and cereal products,cereal box,,0.576897229,,,
51,11-773,breakfast cereal wheat biscuits weetabix type fortified,AI,Cereals and cereal products,cereal box,,0,,,
52,11-821,biscuits cheese flavoured,AM,Cereals and cereal products,wrapper or box,,0.380363208,,,
53,11-815,biscuits cookies chocolate chip standard,AM,Cereals and cereal products,wrapper or box,,0.416170498,,,
54,11-799,biscuits digestive,AM,Cereals and cereal products,wrapper or box,,0,,,
55,11-809,biscuits fully coated with chocolate,AM,Cereals and cereal products,wrapper or box,,0.384664834,,,
56,11-801,biscuits reduced fat,AM,Cereals and cereal products,wrapper or box,,0.442571177,,,
57,11-826,breadsticks,AM,Cereals and cereal products,box,,0,,,
58,,banana bread,AN,Cereals and cereal products,loaf,,0.460124336,,,
59,,brownies chocolate,AN,Cereals and cereal products,,,0.536800808,,,
60,,brownies chocolate baking mix,AN,Cereals and cereal products,packet,,0.515672536,,,
61,11-970,bagels,AP,Cereals and cereal products,"loose, individual
multiple pack",,0,,,
62,,bread and butter pudding,AS,Cereals and cereal products,,,0.322939205,,,
63,11-011,cornmeal sifted,AA,Cereals and cereal products,packet,,0,,,
64,11-988,croissants,AG,Cereals and cereal products,,,0,,,
65,11-820,cream crackers,AM,Cereals and cereal products,wrapper or box,,0.464427012,,,
66,11-839,cakes fancy iced individual,AN,Cereals and cereal products,,,0.524636696,,,
67,11-1020,crumble fruit,AS,Cereals and cereal products,,,0.44536635,,,
68,11-850,doughnuts ring iced,AP,Cereals and cereal products,,,0.633877167,30g,"Y, P",per bag
69,11-849,doughnuts with jam,AP,Cereals and cereal products,,,0.372746804,,,
70,,dumplings,AT,Cereals and cereal products,,,0,,,
71,,biscuit gingerbread,AN,Cereals and cereal products,,,0.402897722,,,
72,,hot cross buns,AP,Cereals and cereal products,packet,,0.282483859,,,
73,11-739,jaffa cakes,AM,Cereals and cereal products,wrapper or box,,0,,,
74,11-846,jam tarts,AS,Cereals and cereal products,,,0.437450331,,,
75,,macaroni cheese,AD,Cereals and cereal products,,,0.762814797,210g,Y,small can
76,11-780,muesli swiss style unfortified,AI,Cereals and cereal products,cereal box,,0.485297972,,,
77,11-737,muffins american chocolate,AN,Cereals and cereal products,,,0.536800808,,,
78,11-848,mince pies,AS,Cereals and cereal products,,,0.537449443,,,
79,11-719,noodles egg dried,AD,Cereals and cereal products,,,0.345276975,,,
80,11-823,oatcakes,AM,Cereals and cereal products,wrapper or box,,0,,,
81,11-936,pizza cheese and tomato,A,Cereals and cereal products,,,0.542607537,,,
82,11-788,porridge oats unfortified,A,Cereals and cereal products,,,0,,,
83,11-726,pasta egg fresh,AD,Cereals and cereal products,,,0.463995677,,,
84,11-718,pasta wholewheat spaghetti dried,AD,Cereals and cereal products,,,0.502295339,,,
85,11-735,pasta spaghetti in tomato sauce,AD,Cereals and cereal products,tin,,0.428832869,,,
86,,papadums,AF,Cereals and cereal products,,,0,,,
87,11-853,pastry shortcrust cooked,AO,Cereals and cereal products,,,0.332714819,,,
88,11-844,pastries chocolate eclairs cream filled,AP,Cereals and cereal products,,,0.703490328,46g,Y,tube
89,,pancakes,AS,Cereals and cereal products,,,0,,,
90,11-544,scotch pancakes,AS,Cereals and cereal products,,,0,,,
91,11-921,pie apple pastry double crust,AS,Cereals and cereal products,,,0.304652105,,,
92,11-847,pie fruit individual,AS,Cereals and cereal products,,,0.581417619,,,
93,,pudding sponge,AS,Cereals and cereal products,,,0.785243122,300g,Y,whole
94,11-1021,pudding sponge,AS,Cereals and cereal products,,,0.785243122,300g,Y,whole
95,,prawn crackers,AT,Cereals and cereal products,packet,,0.874811256,30g/40g,Y,per bag
96,11-866,rice brown basmati,AC,Cereals and cereal products,packet,,0.411641663,,,
97,11-870,rice brown easy cook,AC,Cereals and cereal products,packet,,0.411641663,,,
98,11-874,rice thai fragrant,AC,Cereals and cereal products,packet,,0.554295545,,,
99,11-863,rice white long grain easy cook,AC,Cereals and cereal products,packet,,0.401366253,,,
100,11-940,rusks,AK,Cereals and cereal products,,,0,,,
101,,risotto,AT,Cereals and cereal products,,,0,,,
102,11-903,semolina,AA,Cereals and cereal products,,,0.453198367,,,
103,,sandwich white bread,AB,Cereals and cereal products,,,0.350065968,,,
104,,sandwich brown bread,AB,Cereals and cereal products,,,0.350065968,,,
105,11-802,shortbread,AM,Cereals and cereal products,wrapper or box,,0.667867271,42g,Y,6 shortbread
106,11-544,scotch pancakes,AP,Cereals and cereal products,,,0,,,
107,11-919,strudel fruit filled frozen,AS,Cereals and cereal products,,,0.645084486,600g,Y,6 servings
108,17-371,stuffing mix dried,AT,Cereals and cereal products,,,0.618584971,100g,Y,per bag
109,11-800,wafers ice cream wafers not filled,AM,Cereals and cereal products,,,0.633636688,60g,Y,tub
110,,yorkshire pudding,AT,Cereals and cereal products,,,0.522931382,,,
111,12-937,eggs chicken whole,CA,Eggs,"egg box, 6, 10, 12, 30",,0.420829892,,,
112,12-949,quiche,CD,Eggs,"small individual, large sharing",,0,,,
113,17-487,dripping beef,OF,Fats and oils,jar,,0.585931837,,,
114,17-010,lard,OF,Fats and oils,block,,0,,,
115,17-031,oil coconut,OC,Fats and oils,jar,,0.588430931,,,
116,17-039,oil palm,OC,Fats and oils,bottle,,0.588430931,,,
117,17-044,oil soya,OC,Fats and oils,bottle,,0.588430931,,,
118,17-045,oil sunflower,OC,Fats and oils,bottle,,0.588430931,,,
119,17-686,oil average,OC,Fats and oils,bottle,,0.52279775,,,
120,16-001,ayr,JA,Fish and fish products,,,0,,,
121,,anchovies in oil,JC,Fish and fish products,tin,,0.692247542,200g,Y,1 small can
122,16-385,bass sea flesh only,JA,Fish and fish products,fillet,,0,,,
123,16-003,bele,JA,Fish and fish products,fillet,,0,,,
124,16-004,boal,JA,Fish and fish products,fillet,,0,,,
125,16-005,bombay duck,JA,Fish and fish products,,,0.618584971,100g,Y,per bag
126,16-006,bream sea,JA,Fish and fish products,fillet,,0,,,
127,16-169,bacha,JC,Fish and fish products,fillet,,0,,,
128,16-372,cod flesh only,JA,Fish and fish products,fillet,,0.589882665,,,
129,16-172,carp,JA,Fish and fish products,fillet,,0,,,
130,16-007,catfish,JA,Fish and fish products,fillet,,0,,,
131,16-011,chital,JA,Fish and fish products,fillet,,0,,,
132,16-383,coley flesh only,JA,Fish and fish products,fillet,,0,,,
133,,crab in brine,JK,Fish and fish products,tin,,0.672665521,85g,Y,1 small can
134,,crab,JK,Fish and fish products,,,0.791343603,85g,Y,1 small can
135,,crab white meat,JK,Fish and fish products,,,0.492934615,,,
136,16-235,crayfish,JK,Fish and fish products,,,0,,,
137,,calamari,JM,Fish and fish products,,,0,,,
138,,cockles,JM,Fish and fish products,,,0,,,
139,16-254,cuttlefish,JM,Fish and fish products,,,0,,,
140,,caviare,JR,Fish and fish products,"tin, jar",,0,,,
141,16-173,eel yellow,JC,Fish and fish products,,,0,,,
142,16-375,haddock flesh only,JA,Fish and fish products,,,0,,,
143,16-070,hake flesh only,JA,Fish and fish products,,,0,,,
144,16-081,kalabasu,JA,Fish and fish products,,,0,,,
145,16-186,katla,JA,Fish and fish products,,,0,,,
146,,kippers flesh only,JC,Fish and fish products,,,0,,,
147,16-393,mackerel flesh only,JC,Fish and fish products,,,0.560469639,,,
148,16-497,mussels,JM,Fish and fish products,,,0,,,
149,16-259,octopus,JM,Fish and fish products,,,0,,,
150,16-260,oysters,JM,Fish and fish products,,,0.870745749,105g,Y,1 can smoked oysters
151,16-378,pollock alaskan flesh only,JA,Fish and fish products,,,0,,,
152,16-387,prawns king,JK,Fish and fish products,,,0.674257918,100g,Y,1 small jar prawns
153,14-363,apples cooking flesh only weighed with skin and core,F,Fruit,,,0.350354768,,,
154,14-319,apples eating flesh and skin,F,Fruit,,,0.267063494,,,
155,14-001,amla,FA,Fruit,,,0,,,
156,14-025,apricots flesh and skin,FA,Fruit,punnet,,0.324623371,,,
157,14-392,apricots ready-to-eat semi-dried,FA,Fruit,packet,,0.695211487,125g,Y,per pot
158,14-040,avocado fuerte flesh only weighed with skin and stone,FA,Fruit,"loose, individual",,0.326768763,,,
159,14-387,avocado hass flesh only weighed with skin and stone,FA,Fruit,"loose, individual",,0.326768763,,,
160,14-331,apple juice clear ambient and chilled,FC,Fruit,"carton, tetrapak, bottle",,0.370334777,,,
161,14-043,babaco flesh only,FA,Fruit,"loose, individual",,0,,,
162,14-318,bananas flesh and skin,FA,Fruit,"loose, individual/bunch",,0.324623371,,,
163,14-388,blackberries,FA,Fruit,punnet,,0,,,
164,14-053,blackcurrants,FA,Fruit,punnet,,0,,,
165,14-325,blueberries,FA,Fruit,punnet,,0,,,
166,14-382,cherries flesh and skin,FA,Fruit,punnet,,0.324623371,,,
167,14-326,citrus fruit soft/easy peelers flesh with skin,FA,Fruit,net,,0.392856614,,,
168,14-073,cranberries,FA,Fruit,punnet,,0,,,
169,14-074,currants,FA,Fruit,packet,,0,,,
170,14-077,damsons flesh and skin,FA,Fruit,punnet,,0.324623371,,,
171,14-083,dates flesh and skin,FA,Fruit,packet,,0.324623371,,,
172,14-087,dried mixed fruit,FA,Fruit,packet,,0.423096972,,,
173,14-089,elderberries whole fruit,FA,Fruit,punnet,,0.515864107,,,
174,14-100,gooseberries cooking,FA,Fruit,punnet,,0,,,
175,14-384,grapefruit flesh only,FA,Fruit,"loose, individual",,0.424183278,,,
176,14-322,grapes green,FA,Fruit,punnet,,0.843805533,500g,"Y, P",pack
177,14-118,guava flesh only,FA,Fruit,"loose, individual",,0,,,
178,14-371,kiwi fruit flesh only,FA,Fruit,"loose, individual, punnet",,0.44536635,,,
179,14-373,kiwi fruit flesh only weighed with skin,FA,Fruit,,,0.453671628,,,
180,14-125,kumquats whole fruit,FA,Fruit,punnet,,0.515864107,,,
181,14-128,lemons whole without pips,FA,Fruit,"loose, individual, net",,0.429971366,,,
182,14-131,limes flesh only,FA,Fruit,"loose, individual, net",,0,,,
183,14-132,limes flesh and skin,FA,Fruit,,,0.324623371,,,
184,14-133,loganberries,FA,Fruit,punnet,,0,,,
185,14-277,lemon juice fresh,FC,Fruit,,,0.348651396,,,
186,14-378,mangoes ripe flesh only,FA,Fruit,"loose, individual",,0,,,
187,14-379,mangoes weighed with skin and stone,FA,Fruit,"loose, individual",,0.412167086,,,
188,14-339,melon canteloupe-type flesh only,FA,Fruit,"loose, individual",,0,,,
189,14-353,melon canteloupe-type flesh and skin,FA,Fruit,"loose, individual",,0.324623371,,,
190,14-356,melon flesh and skin,FA,Fruit,"loose, individual",,0.324623371,,,
191,14-168,mulberries whole fruit,FA,Fruit,punnet,,0.515864107,,,
192,14-380,nectarines flesh and skin,FA,Fruit,punnet,,0.324623371,,,
193,,olives,FA,Fruit,"tin, jar",,0,,,
194,14-327,oranges flesh only,FA,Fruit,"loose, individual, net",,0,,,
195,14-360,oranges flesh with peel and pips,FA,Fruit,"loose, individual, net",,0.319789753,,,
196,14-369,orange juice freshly squeezed,FC,Fruit,"carton, tetrapak, bottle",,0.530214438,,,
197,14-361,pears average flesh and skin weighed with core and stalk,F,Fruit,"loose, individual, bag",,0.292930233,,,
198,14-188,peaches in juice whole contents,FA,Fruit,tin  ,,0.415927116,,,
199,14-321,pears flesh and skin,FA,Fruit,packet,,0.324623371,,,
200,14-376,pineapple flesh only,FA,Fruit,"loose, individual",,0,,,
201,14-377,pineapple flesh with skin and top,FA,Fruit,"loose, individual",,0.412167086,,,
202,14-211,pineapple in juice whole contents,FA,Fruit,"loose, individual",,0.415927116,,,
203,14-396,pineapple dried,FA,Fruit,"loose, individual",,0,,,
204,14-220,plums victoria flesh and skin,FA,Fruit,,,0.324623371,,,
205,14-227,pomegranate flesh and pips weighed with skin,FA,Fruit,"loose, individual",,0.412167086,,,
206,14-285,passion fruit juice,FC,Fruit,"carton, tetrapak, bottle",,0.646406571,200g,Y,individual carton
207,14-179,passion fruit flesh and pips weighed with skin,FA,Fruit,,,0.38292274,,,
208,14-341,pomegranate juice drink,FC,Fruit,"carton, tetrapak, bottle",,0.492970225,,,
209,14-227,pomegranate flesh and pips weighed with skin,FA,Fruit,,,0.412167086,,,
210,14-289,prune juice,FC,Fruit,"carton, tetrapak, bottle",,0.522257395,,,
211,14-237,prunes in juice whole contents,FA,Fruit,tin,,0.415927116,,,
212,14-231,prunes flesh and skin,FA,Fruit,,,0.324623371,,,
213,14-391,prunes ready-to-eat semi-dried,FA,Fruit,,,0.695211487,125g,Y,per pot
214,14-393,raisins dried,FA,Fruit,packet,,0.642766851,44g,Y,packet
215,14-375,raspberries,FA,Fruit,punnet,,0,,,
216,14-249,redcurrants,FA,Fruit,punnet,,0,,,
217,14-252,rhubarb stems only,FA,Fruit,bunch,,0,,,
218,14-059,star fruit,FA,Fruit,"loose, individual",,0.44536635,,,
219,14-324,strawberries,FA,Fruit,punnet,,0,,,
220,14-268,whitecurrants,FA,Fruit,punnet,,0,,,
221,13-801,allspice ground,H,Herbs and spices,spice jar,,0,,,
222,13-802,anise seeds,H,Herbs and spices,spice jar,,0,,,
223,13-803,asafoetida,H,Herbs and spices,,,0,,,
224,13-805,basil dried ground,H,Herbs and spices,spice jar,,0,,,
225,13-804,basil fresh,H,Herbs and spices,bunch,,0,,,
226,13-808,caraway seeds,H,Herbs and spices,spice jar,,0,,,
227,13-809,cardamom ground,H,Herbs and spices,spice jar,,0,,,
228,13-810,celery seeds,H,Herbs and spices,spice jar,,0,,,
229,13-811,chervil dried,H,Herbs and spices,spice jar,,0,,,
230,13-873,chilli powder,H,Herbs and spices,spice jar,,0.407783198,,,
231,13-813,chinese 5 spice,H,Herbs and spices,spice jar,,0.414587918,,,
232,13-887,chives fresh,H,Herbs and spices,bunch,,0,,,
233,13-874,cinnamon ground,H,Herbs and spices,spice jar,,0,,,
234,13-816,cloves dried,H,Herbs and spices,spice jar,,0,,,
235,13-818,coriander leaves dried,H,Herbs and spices,spice jar,,0,,,
236,13-889,cumin seeds,H,Herbs and spices,spice jar,,0,,,
237,13-876,curry powder,H,Herbs and spices,spice jar,,0.480905348,,,
238,13-824,dill fresh,H,Herbs and spices,bunch,,0,,,
239,13-829,garam masala,H,Herbs and spices,spice jar,,0,,,
240,13-830,garlic powder,H,Herbs and spices,spice jar,,0.565405342,,,
241,13-890,ginger fresh,H,Herbs and spices,"loose, individual",,0,,,
242,13-832,ginger ground,H,Herbs and spices,spice jar,,0,,,
243,13-835,marjoram dried,H,Herbs and spices,spice jar,,0,,,
244,13-836,mint fresh,H,Herbs and spices,bunch,,0.493221163,,,
245,13-886,mixed curry spices,H,Herbs and spices,spice jar,,0.358754345,,,
246,13-884,mixed herbs dried,H,Herbs and spices,spice jar,,0.489168364,,,
247,13-839,mustard seeds,H,Herbs and spices,spice jar,,0.786442736,5g,Y,I sachet
248,13-877,nutmeg ground,H,Herbs and spices,spice jar,,0,,,
249,13-878,oregano dried ground,H,Herbs and spices,spice jar,,0,,,
250,13-879,paprika,H,Herbs and spices,spice jar,,0,,,
251,13-844,parsley fresh,H,Herbs and spices,bunch,,0,,,
252,13-880,pepper black,H,Herbs and spices,,,0,,,
253,13-892,rosemary fresh,H,Herbs and spices,bunch,,0,,,
254,13-852,saffron,H,Herbs and spices,spice jar,,0,,,
255,13-854,sage dried ground,H,Herbs and spices,spice jar,,0,,,
256,19-646,bacon rashers back fat trimmed,MAA,Meat and meat products,,,0.572956802,,,
257,18-006,beef braising steak,MAC,Meat and meat products,,,0.712174765,213g,Y,small
258,18-003,beef fat average,MAC,Meat and meat products,,,0.433520854,,,
259,18-016,beef fillet steak,MAC,Meat and meat products,,,0.712174765,213g,Y,small
260,18-024,beef flank,MAC,Meat and meat products,,,0.585931837,,,
261,18-468,beef average,MAC,Meat and meat products,,,0.515059442,,,
262,18-469,beef mince,MAC,Meat and meat products,,,0.585931837,,,
263,18-054,beef silverside,MAC,Meat and meat products,,,0.585931837,,,
264,18-064,beef sirloin steak,MAC,Meat and meat products,,,0.712174765,213g,Y,small
265,18-084,beef topside,MAC,Meat and meat products,,,0.585931837,,,
266,18-504,chicken breast/steak coated baked,MCA,Meat and meat products,,,0.451651181,,,
267,18-501,chicken pieces coated takeaway,MCA,Meat and meat products,,,0.422763578,,,
268,18-293,chicken leg quarter meat and skin,MCA,Meat and meat products,,,0.255726033,,,
269,18-488,chicken meat average,MCA,Meat and meat products,,,0.413878646,,,
270,18-297,chicken whole meat and skin,MCA,Meat and meat products,,,0.291563258,,,
271,18-295,chicken wing quarter meat and skin,MCA,Meat and meat products,,,0.255726033,,,
272,18-503,chicken/turkey pieces coated baked,MCA,Meat and meat products,,,0.359787394,,,
273,19-538,chicken slices,MI,Meat and meat products,,,0.596379781,,,
274,19-516,chorizo,MI,Meat and meat products,,,0,,,
275,19-128,corned beef,MI,Meat and meat products,tin,,0.879845734,198g,Y,1 small can
276,19-449,curry chicken balti,MR,Meat and meat products,,,0.381627567,,,
277,,casserole sausage,MR,Meat and meat products,,,0.773614661,55g,Y,small can
278,,chow mein chicken,MR,Meat and meat products,,,0.626979911,480g,Y,large
279,19-466,cornish pasty,MR,Meat and meat products,,,0,,,
280,,coronation chicken,MR,Meat and meat products,,,0.626979911,480g,Y,large
281,18-489,duck meat only,MCC,Meat and meat products,,,0.458384033,,,
282,19-539,doner kebabs meat only,MR,Meat and meat products,,,0.458384033,,,
283,,enchiladas meal kit,MR,Meat and meat products,,,0.403839793,,,
284,17-640,ghee butter,OF,Meat and meat products,,,0.589588112,,,
285,19-496,ham,MAA,Meat and meat products,,,0,,,
286,,haggis,MI,Meat and meat products,,,0,,,
287,,hot pot lamb/beef with potatoes,MR,Meat and meat products,,,0.340175277,,,
288,18-402,kidney lamb,MG,Meat and meat products,,,0.338305483,,,
289,18-478,lamb average and fat,MAE,Meat and meat products,,,0.300473087,,,
290,18-111,lamb breast,MAE,Meat and meat products,,,0,,,
291,18-115,lamb chump chops and fat,MAE,Meat and meat products,,,0.30436962,,,
292,18-481,lamb mince,MAE,Meat and meat products,,,0,,,
293,18-413,liver lamb,MG,Meat and meat products,,,0,,,
294,,luncheon meat,MI,Meat and meat products,,,0.458384033,,,
295,19-326,meat samosas takeaway,MR,Meat and meat products,,,0.458384033,,,
296,,meatballs beef,MR,Meat and meat products,,,0.585931837,,,
297,,meatballs in tomatoe sauce,MR,Meat and meat products,,,0.629858788,170g,Y,"frozen, purchased"
298,18-419,oxtail,MG,Meat and meat products,,,0,,,
299,18-609,pork spare ribs and fat,MAG,Meat and meat products,,,0.386630871,,,
300,18-387,rabbit meat only,MEC,Meat and meat products,,,0.458384033,,,
301,18-390,venison meat only,MEE,Meat and meat products,,,0.458384033,,,
302,12-500,baking fat and margarine (75-90% fat) hard block,BTM,Milk and milk products,block,,0.434350782,,,
303,12-333,cream fresh whipping,BJC,Milk and milk products,tub,,0.577829605,,,
304,12-537,cheese spread reduced fat,BL,Milk and milk products,tub,,0.393369437,,,
305,12-346,cheese cheddar english,BL,Milk and milk products,block,,0.450274572,,,
306,12-354,cheese danish blue,BL,Milk and milk products,tub,,0.464350268,,,
307,12-357,cheese goats milk full fat soft white rind,BL,Milk and milk products,,,0.349548993,,,
308,12-360,cheese mozzarella fresh,BL,Milk and milk products,,,0.450274572,,,
309,12-549,cheese processed slices reduced fat,BL,Milk and milk products,,,0.448958044,,,
310,12-486,cheese white cheshire,BL,Milk and milk products,,,0.30693723,,,
311,12-507,cornetto type ice cream cone,BP,Milk and milk products,box,,0.818542351,60g,Y,tub
312,12-542,cheesecake fruit individual,BR,Milk and milk products,,,0.919092227,90g,Y,individual
313,12-461,tarts custard individual,BR,Milk and milk products,,,0.577162487,,,
314,12-543,custard ready to eat and tetra-pak,BR,Milk and milk products,can,,0.512438138,,,
315,12-398,desserts dairy chocolate,BR,Milk and milk products,,,0.540714418,,,
316,12-508,ice cream dairy vanilla soft scoop,BP,Milk and milk products,,,0.575678793,,,
317,12-509,ice cream non dairy vanilla soft scoop,BP,Milk and milk products,,,0.575678793,,,
318,,jelly,BR,Milk and milk products,,,0.563462035,,,
319,12-373,lassi sweetened,BN,Milk and milk products,bottle,,0,,,
320,12-390,lollies containing ice-cream,BP,Milk and milk products,,,0.818542351,60g,Y,tub
321,12-389,lollies with real fruit juice,BP,Milk and milk products,,,0.418837955,,,
322,12-512,milk 1% fat pasteurised,BA,Milk and milk products,"bottle 1 pint, 2 pint, 4 pint, 6 pint, carton 1 litre",,0.413767287,,,
323,12-322,milk channel islands whole summer,BAB,Milk and milk products,"bottle 1 pint, 2 pint, 4 pint, 6 pint, carton 1 litre",,0.501101912,,,
324,12-307,milk skimmed pasteurised average,BAE,Milk and milk products,"bottle 1 pint, 2 pint, 4 pint, 6 pint, carton 1 litre",,0.720252179,50g,Y,average
325,12-313,milk semi-skimmed pasteurised average,BAH,Milk and milk products,"bottle 1 pint, 2 pint, 4 pint, 6 pint, carton 1 litre",,0.720252179,50g,Y,average
326,12-596,milk whole pasteurised average,BAK,Milk and milk products,"bottle 1 pint, 2 pint, 4 pint, 6 pint, carton 1 litre",,0.478533937,,,
327,12-520,milk condensed whole sweetened,BAR,Milk and milk products,tin,,0.501101912,,,
328,12-522,milk evaporated whole,BAR,Milk and milk products,tin,,0.680189051,170g,Y,1 small can
329,12-524,milk soya non-dairy alternative to milk unsweetened fortified,BC,Milk and milk products,"carton, 1L",,0.522278978,,,
330,12-401,mousse chocolate low fat,BR,Milk and milk products,,,0.547610119,,,
331,12-553,pudding rice low fat,BR,Milk and milk products,tin,,0.382477519,,,
332,,raita,BV,Milk and milk products,,,0,,,
333,12-555,yogurt greek style,BN,Milk and milk products,,,0.485297972,,,
334,12-375,yogurt whole milk fruit,BN,Milk and milk products,,,0.554630149,,,
335,14-870,almonds flaked and ground,GA,Nuts and seeds,packet,,0.402969643,,,
336,14-897,almonds toasted,GA,Nuts and seeds,packet,,0,,,
337,14-896,almonds whole kernels,GA,Nuts and seeds,packet,,0.59642214,,,
338,14-895,breadnut seeds dried,G,Nuts and seeds,packet,,0,,,
339,14-806,betel nuts,GA,Nuts and seeds,packet,,0.61509463,47g,Y,packet
340,14-813,chestnuts kernel only,GA,Nuts and seeds,packet,,0,,,
341,14-889,coconut milk,GA,Nuts and seeds,carton/tetrapak,,0.595809262,,,
342,14-874,hazelnuts kernel only,GA,Nuts and seeds,packet,,0,,,
343,14-891,macadamia nuts salted,G,Nuts and seeds,packet,,0.426273206,,,
344,14-875,marzipan white and yellow,GA,Nuts and seeds,packet,,0.285290392,,,
345,14-880,nuts mixed,GA,Nuts and seeds,packet,,0.549852105,,,
346,14-892,peanut butter smooth,GA,Nuts and seeds,jar,,0.814234036,25g,Y,1 portion pack
347,14-882,peanuts and raisins,GA,Nuts and seeds,packet,,0.422049821,,,
348,14-840,pistachio nuts kernel only roasted and salted,GA,Nuts and seeds,packet,,0.529493312,,,
349,14-843,quinoa,GA,Nuts and seeds,packet,,0,,,
350,14-845,sunflower seeds,GA,Nuts and seeds,packet,,0,,,
351,14-879,walnuts kernel only,GA,Nuts and seeds,packet,,0,,,
352,,apple sauce,WC,"Soups, sauces and miscellaneous foods",jar,,0.379256617,,,
353,17-705,barbecue sauce,WC,"Soups, sauces and miscellaneous foods",,,0.525602448,,,
354,17-678,brown sauce reduced salt/sugar,WCN,"Soups, sauces and miscellaneous foods",,,0.466926379,,,
355,17-697,chicken soup cream of condensed as served,WAC,"Soups, sauces and miscellaneous foods",can,,0.466845915,,,
356,17-719,chilli sauce,WC,"Soups, sauces and miscellaneous foods",,,0.323542919,,,
357,,cheese sauce,WCD,"Soups, sauces and miscellaneous foods",,,0.410011635,,,
358,17-345,chutney tomato,WCG,"Soups, sauces and miscellaneous foods",jar,,0.474148922,,,
359,17-358,cream of tartar,WY,"Soups, sauces and miscellaneous foods",sachet,,0.396469855,,,
360,17-715,dressing blue cheese,WCG,"Soups, sauces and miscellaneous foods",,,0.450274572,,,
361,17-701,dressing french,WCG,"Soups, sauces and miscellaneous foods",,,0.521994694,,,
362,17-717,dressing thousand island,WCG,"Soups, sauces and miscellaneous foods",,,0,,,
363,,guacamole,WC,"Soups, sauces and miscellaneous foods",,,0,,,
364,17-360,gelatine,WY,"Soups, sauces and miscellaneous foods",,,0,,,
365,17-724,gravy instant granules,WY,"Soups, sauces and miscellaneous foods",,,0.553439095,,,
366,,hollandaise sauce,WC,"Soups, sauces and miscellaneous foods",jar,,0.525602448,,,
367,,hollandaise sauce vegan,WC,"Soups, sauces and miscellaneous foods",jar,,0.444075904,,,
368,17-654,mayonnaise standard,WCG,"Soups, sauces and miscellaneous foods",,,0.509113424,,,
369,17-364,mustard smooth,WY,"Soups, sauces and miscellaneous foods",jar,,0.786442736,5g,Y,I sachet
370,17-623,pesto red,WC,"Soups, sauces and miscellaneous foods",jar,,0,,,
371,17-718,pickle sweet,WCG,"Soups, sauces and miscellaneous foods",jar,,0.712555195,20g,Y,1 portion pack
372,17-702,piccalilli,WCN,"Soups, sauces and miscellaneous foods",jar,,0,,,
373,17-354,relish tomato based,WCN,"Soups, sauces and miscellaneous foods",jar,,0.474148922,,,
374,17-711,soup minestrone,WA,"Soups, sauces and miscellaneous foods",can,,0.810965079,170g,Y,vending machine soup
375,17-695,soup chicken cream of,WAC,"Soups, sauces and miscellaneous foods",can,,0.414406429,,,
376,17-652,soup cream of tomato,WAC,"Soups, sauces and miscellaneous foods",can,,0.425200593,,,
377,17-698,soup lentil,WAC,"Soups, sauces and miscellaneous foods",can,,0.810965079,170g,Y,vending machine soup
378,17-700,soup oxtail,WAC,"Soups, sauces and miscellaneous foods",can,,0.810965079,170g,Y,vending machine soup
379,17-712,soup,WAC,"Soups, sauces and miscellaneous foods",can,,0.810965079,170g,Y,vending machine soup
380,17-653,soup instant dried as purchased,WAE,"Soups, sauces and miscellaneous foods",can,,0.415079926,,,
381,17-628,sauce chinese cook in sweet & sour,WC,"Soups, sauces and miscellaneous foods",,,0.461741431,,,
382,17-629,sauce chinese stir fry,WC,"Soups, sauces and miscellaneous foods",,,0.381638919,,,
383,17-703,salad cream,WCG,"Soups, sauces and miscellaneous foods",,,0.840662827,12g,Y,1 sachet
384,,sauce sweet and sour,WCN,"Soups, sauces and miscellaneous foods",jar,,0.37562878,,,
385,17-721,soy sauce light and dark varieties,WCN,"Soups, sauces and miscellaneous foods",,,0.345065631,,,
386,17-367,salt,WY,"Soups, sauces and miscellaneous foods",,,0.460500085,,,
387,17-515,stock cubes beef,WY,"Soups, sauces and miscellaneous foods",,,0.585931837,,,
388,17-680,stock gel,WY,"Soups, sauces and miscellaneous foods",,,0,,,
389,17-681,stock chicken ready made,WY,"Soups, sauces and miscellaneous foods",,,0.354088542,,,
390,17-339,vinegar,WY,"Soups, sauces and miscellaneous foods",,,0.460500085,,,
391,,white sauce,WCD,"Soups, sauces and miscellaneous foods",jar,,0.342569209,,,
392,,white sauce vegan,WCD,"Soups, sauces and miscellaneous foods",jar,,0.36238576,,,
393,17-723,worcestershire sauce,WCN,"Soups, sauces and miscellaneous foods",,,0.525602448,,,
394,17-377,water distilled,WY,"Soups, sauces and miscellaneous foods",,,0.638043706,250g,Y,small
395,17-517,yeast extract,WY,"Soups, sauces and miscellaneous foods",jar,,0,,,
396,17-659,chocolate spread,SC,"Sugars, preserves and snacks",jar,,0.536800808,,,
397,17-658,chocolate covered bar with caramel and cereal,SEA,"Sugars, preserves and snacks","indiviudal bar, multipack",,0.523511013,,,
398,17-763,creme egg,SEA,"Sugars, preserves and snacks",individual,,0.441470119,,,
399,17-645,corn snacks,SN,"Sugars, preserves and snacks",bag,,0.406280649,,,
400,,chevda/chevra/chewra,SNC,"Sugars, preserves and snacks",,,0,,,
401,17-049,glucose liquid bp,SC,"Sugars, preserves and snacks",tube,,0,,,
402,17-050,honey,SC,"Sugars, preserves and snacks",jar,,0,,,
403,17-689,ice cream sauce topping strawberry and chocolate flavours,SC,"Sugars, preserves and snacks",,,0.578132899,,,
404,17-075,jam reduced sugar,SC,"Sugars, preserves and snacks",jar,,0.562836456,,,
405,17-777,liquorice allsorts,SEC,"Sugars, preserves and snacks",bag,,0.733722336,56g,Y,small bag
406,17-078,marmalade,SC,"Sugars, preserves and snacks",jar,,0.437450331,,,
407,17-651,maltesers and similar products,SEA,"Sugars, preserves and snacks","individual bag, share bag",,0.526185984,,,
408,17-668,mars bar and own brand equivalents,SEA,"Sugars, preserves and snacks","indiviudal bar, multipack",,0.531670435,,,
409,17-669,milky way and own brand equivalents,SEA,"Sugars, preserves and snacks","indiviudal bar, multipack",,0.606277133,26g,Y,standard
410,17-114,marshmallows,SEC,"Sugars, preserves and snacks",,,0.89907633,40g,Y,bag
411,,nougat,SEC,"Sugars, preserves and snacks",,,0.789060544,70g,Y,small bar
412,17-117,peppermints,SEC,"Sugars, preserves and snacks",,,0,,,
413,17-692,popcorn salted,SN,"Sugars, preserves and snacks",,,0.518909784,,,
414,17-132,pork scratchings,SN,"Sugars, preserves and snacks",bag,,0.883366818,22g,Y,per bag
415,17-693,potato crisps low fat,SN,"Sugars, preserves and snacks",bag,,0.428238204,,,
416,17-060,sugar brown,SC,"Sugars, preserves and snacks",bag,,0.712353282,6g,Y,1 'packet' sugar
417,17-062,sugar icing,SC,"Sugars, preserves and snacks",bag,,0.954899939,6g,Y,1 'packet' sugar
418,17-063,sugar white,SC,"Sugars, preserves and snacks",bag,,0.712353282,6g,Y,1 'packet' sugar
419,17-065,syrup golden,SC,"Sugars, preserves and snacks",tin,,0.418157025,,,
420,17-096,smartie-type sweets,SEA,"Sugars, preserves and snacks",tube,,0,,,
421,,ackee,DG,Vegetables,tin,,0,,,
422,13-146,agar dried,DG,Vegetables,,,0,,,
423,13-148,alfalfa sprouts,DG,Vegetables,,,0,,,
424,13-149,amaranth leaves,DG,Vegetables,,,0,,,
425,13-151,arrowhead,DG,Vegetables,,,0,,,
426,13-153,artichoke globe,DG,Vegetables,"loose, individual",,0,,,
427,,artichoke,DG,Vegetables,tin,,0,,,
428,,artichoke jar,DG,Vegetables,jar,,0.594410078,,,
429,13-157,asparagus,DG,Vegetables,"bunch, packet",,0,,,
430,13-161,aubergine,DG,Vegetables,"loose, individual",,0,,,
431,13-532,baked beans in tomato sauce,DB,Vegetables,tin,,0.559228665,,,
432,13-041,beans aduki whole dried,DB,Vegetables,packet,,0.469653374,,,
433,,beans aduki,DB,Vegetables,tin,,0.698585286,170g,Y,small can
434,13-062,beans blackeye whole dried,DB,Vegetables,packet,,0.469653374,,,
435,,beans blackeye,DB,Vegetables,tin,,0.698585286,170g,Y,small can
436,13-070,beans butter dried,DB,Vegetables,packet,,0.47267724,,,
437,,beans butter,DB,Vegetables,tin,,0.47267724,,,
438,13-074,beans chick peas kabuli whole dried,DB,Vegetables,packet,,0.469653374,,,
439,,beans chick peas,DB,Vegetables,tin,,0.698585286,170g,Y,small can
440,13-080,beans cluster,DB,Vegetables,packet,,0.698585286,170g,Y,small can
441,,beans edamame frozen,DB,Vegetables,packet,,0.493974393,,,
442,,beans edamame,DB,Vegetables,tin,,0.698585286,170g,Y,small can
443,13-514,beans green,DB,Vegetables,packet,,0.698585286,170g,Y,small can
444,13-086,beans haricot whole dried,DB,Vegetables,jar,,0.469653374,,,
445,,beans haricot,DB,Vegetables,tin,,0.698585286,170g,Y,small can
446,13-098,beans mung dahl dried,DB,Vegetables,packet,,0.698585286,170g,Y,small can
447,13-102,beans pigeon peas whole dried,DB,Vegetables,packet,,0.469653374,,,
448,13-106,beans pinto dried,DB,Vegetables,packet,,0.698585286,170g,Y,small can
449,,beans pinto,DB,Vegetables,tin,,0.698585286,170g,Y,small can
450,13-109,beans red kidney dried,DB,Vegetables,packet,,0.417555947,,,
451,,beans red kidney,DB,Vegetables,tin,,0.417555947,,,
452,13-112,beans runner,DB,Vegetables,packet,,0.698585286,170g,Y,small can
453,13-115,beans soya dried,DB,Vegetables,packet,,0.698585286,170g,Y,small can
454,13-117,beans sword,DB,Vegetables,packet,,0.698585286,170g,Y,small can
455,13-426,beansprouts mung,DB,Vegetables,packet,,0,,,
456,13-056,black gram urad gram whole dried,DB,Vegetables,packet,,0.59642214,,,
457,13-164,beetroot,DG,Vegetables,"loose, individual",,0,,,
458,13-167,breadfruit,DG,Vegetables,"loose, individual",,0,,,
459,13-502,broccoli green,DG,Vegetables,"loose, individual",,0,,,
460,13-174,broccoli purple sprouting,DG,Vegetables,packet,,0,,,
461,13-177,brussels sprouts,DG,Vegetables,packet,,0,,,
462,,beanburger,DR,Vegetables,packet,,0,,,
463,,beanburger vegetarian,DR,Vegetables,packet,,0.510221519,,,
464,13-067,beans broad dried,DB,Vegetables,"loose, individual",,0.698585286,170g,Y,small can
465,,beans broad,DB,Vegetables,tin,,0.698585286,170g,Y,small can
466,13-064,beans broad whole without pod,DB,Vegetables,packet,,0.429160836,,,
467,,beans cannellini,DB,Vegetables,can,,0.698585286,170g,Y,small can
468,13-582,cabbage average,DG,Vegetables,"loose, individual",,0.439410618,,,
469,13-187,cabbage chinese,DG,Vegetables,"loose, individual",,0.414587918,,,
470,13-510,cabbage green,DG,Vegetables,"loose, individual",,0,,,
471,13-190,cabbage red,DG,Vegetables,"loose, individual",,0,,,
472,13-509,cabbage white,DG,Vegetables,"loose, individual",,0.372787127,,,
473,13-448,carrots young,DG,Vegetables,"loose, individual, bag",,0,,,
474,13-512,cauliflower,DG,Vegetables,"loose, individual",,0,,,
475,13-219,celeriac,DG,Vegetables,"loose, individual",,0,,,
476,13-636,celery,DG,Vegetables,"loose, individual",,0,,,
477,13-223,chard swiss,DG,Vegetables,"loose, individual",,0,,,
478,13-225,chicory pale variety,DG,Vegetables,"loose, individual",,0,,,
479,13-627,courgette,DG,Vegetables,"loose, individual",,0,,,
480,13-234,curly kale,DG,Vegetables,bag,,0,,,
481,,casserole,DR,Vegetables,packet,,0,,,
482,15-637,cauliflower cheese,DR,Vegetables,packet,,0.450274572,,,
483,15-635,coleslaw not low calorie,DR,Vegetables,packet,,0.355267884,,,
484,,curry mixed,DR,Vegetables,tin,,0.358754345,,,
485,13-244,garlic,DG,Vegetables,"individual, pack",,0.565405342,,,
486,13-245,gherkins,DG,Vegetables,jar,,0,,,
487,13-608,green beans dried,DI,Vegetables,packet,,0.698585286,170g,Y,small can
488,,green beans in water,DI,Vegetables,tin,,0.517496702,,,
489,13-556,houmous,DB,Vegetables,packet,,0,,,
490,13-258,horseradish,DG,Vegetables,,,0.685131348,12g,Y,1 sachet
491,13-261,kohl rabi,DG,Vegetables,"loose, individual",,0,,,
492,15-809,khadhi,DR,Vegetables,,,0,,,
493,13-089,lentils green and brown whole dried,DB,Vegetables,packet,,0.362729759,,,
494,,lentils,DB,Vegetables,can,,0,,,
495,13-624,leeks,DG,Vegetables,"loose, individual",,0,,,
496,13-520,lettuce average,DG,Vegetables,"loose, individual",,0.439410618,,,
497,13-271,lotus tubers,DG,Vegetables,,,0,,,
498,15-651,lasagne,DR,Vegetables,packet,,0.475066791,,,
499,13-505,mushrooms white,DG,Vegetables,packet,,0.372787127,,,
500,13-298,mustard leaves,DG,Vegetables,,,0.786442736,5g,Y,I sachet
501,15-652,moussaka,DR,Vegetables,packet,,0,,,
502,13-300,okra,DG,Vegetables,packet,,0,,,
503,13-499,onions,DG,Vegetables,"loose, individual",,0,,,
504,,potatoes,DA,Vegetables,,,0.833041817,75g,Y,small
505,,potato chips,DAP,Vegetables,,,0.374638575,,,
506,,potato wedges,DAR,Vegetables,,,0.332714819,,,
507,,peas in water,DF,Vegetables,tin,,0.513016791,,,
508,13-527,peas frozen,DF,Vegetables,,,0.483319953,,,
509,,pak choi,DG,Vegetables,,,0,,,
510,13-311,papaya unripe green flesh,DG,Vegetables,"loose, individual",,0,,,
511,13-312,parsnip,DG,Vegetables,"loose, individual, packet",,0,,,
512,13-524,pepper capsicum red,DG,Vegetables,"loose, individual",,0,,,
513,13-323,plantain green flesh,DG,Vegetables,"loose, individual",,0,,,
514,13-326,pumpkin flesh only,DG,Vegetables,"loose, individual",,0,,,
515,15-262,quorn korma,DR,Vegetables,,,0.281496672,,,
516,13-332,radish leaves,DG,Vegetables,,,0,,,
517,13-522,rocket,DG,Vegetables,packet,,0,,,
518,15-869,roulade spinach,DR,Vegetables,,,0,,,
519,13-521,spinach baby,DG,Vegetables,packet,,0.713528342,60g,Y,Baby Danone
520,13-359,swede flesh only,DG,Vegetables,,,0,,,
521,,swede flesh and skin,DG,Vegetables,,,0.324623371,,,
522,13-463,sweet potato flesh only,DG,Vegetables,packet,,0.332714819,,,
523,,sweet potato flesh and skin,DG,Vegetables,packet,,0.338630981,,,
524,,sweetcorn kernels,DG,Vegetables,tin,,0,,,
525,13-622,sweetcorn kernels,DG,Vegetables,packet,,0,,,
526,,sweetcorn on a cob,DG,Vegetables,packet,,0.443994647,,,
527,15-872,salad pasta vegetables and mayonnaise,DR,Vegetables,,,0.570665335,,,
528,15-883,shepherd's pie,DR,Vegetables,,,0.641882036,480g,Y,large
529,15-617,sushi,DR,Vegetables,,,0,,,
530,,vegetables mixed frozen,DG,Vegetables,,,0.385196251,,,
531,15-656,vegeburger grilled,DR,Vegetables,,,0,,,
532,,stir fry mix,DR,Vegetables,packet,,0.446576082,,,
533,13-673,watercress,DG,Vegetables,packet,,0,,,
534,13-397,yam flesh only,DG,Vegetables,,,0,,,
535,13-530,"Tomatoes, canned, whole contents",DG,Vegetables,,,,,,
536,13-517,"Tomatoes, standard, raw",DG,Vegetables,,,,,,
