Page,Sample_Number,Sample_Name,Pack_Size,Source_PDF
666,31,"Sweet potato, boiled, flesh only",1kg  ,fruit_and_vegetable_survey_2015_sampling_report.pdf
667,31,M&S sweet potatoes,,fruit_and_vegetable_survey_2015_sampling_report.pdf
669,31,Lidl sweet potatoes,,fruit_and_vegetable_survey_2015_sampling_report.pdf
671,31,Morrisons sweet potatoes,,fruit_and_vegetable_survey_2015_sampling_report.pdf
673,31,The Co -operative sweet potatoes,,fruit_and_vegetable_survey_2015_sampling_report.pdf
675,31,Greengrocer sweet potatoes,,fruit_and_vegetable_survey_2015_sampling_report.pdf
676,31,"Sweet potato, boiled, flesh  only",6kg   net,fruit_and_vegetable_survey_2015_sampling_report.pdf
677,31,Bidvest Foodservice sweet potatoes,L2,fruit_and_vegetable_survey_2015_sampling_report.pdf
678,32,"Sweet potato, wedges, baked  in rapeseed oil , flesh and",1kg  ,fruit_and_vegetable_survey_2015_sampling_report.pdf
679,32,Tesco sweet potatoes,,fruit_and_vegetable_survey_2015_sampling_report.pdf
680,32,"Sweet potato, wedges, baked in rapeseed oil , flesh and",1kg  ,fruit_and_vegetable_survey_2015_sampling_report.pdf
683,32,Asda Grower’s Selection sweet potatoes,,fruit_and_vegetable_survey_2015_sampling_report.pdf
685,32,Sainsbury’s sweet potato,,fruit_and_vegetable_survey_2015_sampling_report.pdf
687,32,Morrisons sweet potato,,fruit_and_vegetable_survey_2015_sampling_report.pdf
700,33,"Broad beans, fresh, boiled",500g ,fruit_and_vegetable_survey_2015_sampling_report.pdf
701,33,Tesco British broad beans,,fruit_and_vegetable_survey_2015_sampling_report.pdf
705,33,Tesco broad beans,,fruit_and_vegetable_survey_2015_sampling_report.pdf
707,33,Asda Grower’s Selection broad beans,,fruit_and_vegetable_survey_2015_sampling_report.pdf
709,33,Sainsbury’s broad beans,,fruit_and_vegetable_survey_2015_sampling_report.pdf
711,33,Morrisons broad beans,,fruit_and_vegetable_survey_2015_sampling_report.pdf
713,33,Essential Waitrose broad beans,,fruit_and_vegetable_survey_2015_sampling_report.pdf
715,33,Asda Grower’s Selection British broad beans,,fruit_and_vegetable_survey_2015_sampling_report.pdf
717,33,M&S British broad beans,,fruit_and_vegetable_survey_2015_sampling_report.pdf
721,33,Market broad beans,,fruit_and_vegetable_survey_2015_sampling_report.pdf
722,34,"Curly kale, fresh, boiled",206g ,fruit_and_vegetable_survey_2015_sampling_report.pdf
723,34,Tesco British curly kale,,fruit_and_vegetable_survey_2015_sampling_report.pdf
725,34,Tesco British curly  kale,,fruit_and_vegetable_survey_2015_sampling_report.pdf
727,34,Asda Grower’s Selection British unwashed sliced curly,,fruit_and_vegetable_survey_2015_sampling_report.pdf
729,34,Sainsbury’s curly leaf kale,,fruit_and_vegetable_survey_2015_sampling_report.pdf
731,34,Morrisons prepared kale,,fruit_and_vegetable_survey_2015_sampling_report.pdf
733,34,M&S kale,,fruit_and_vegetable_survey_2015_sampling_report.pdf
735,34,Oaklands British curly kale,,fruit_and_vegetable_survey_2015_sampling_report.pdf
739,34,The Co-operative Loved by Us British sliced curly kale,,fruit_and_vegetable_survey_2015_sampling_report.pdf
741,34,Farm Shop curly kale,,fruit_and_vegetable_survey_2015_sampling_report.pdf
743,34,Swithenbank cabbage curly kale,,fruit_and_vegetable_survey_2015_sampling_report.pdf
744,35,"Swede, fresh, boiled",Min. 400g ,fruit_and_vegetable_survey_2015_sampling_report.pdf
745,35,Tesco British small swede,,fruit_and_vegetable_survey_2015_sampling_report.pdf
747,35,Tesco British large swede,,fruit_and_vegetable_survey_2015_sampling_report.pdf
749,35,Asda Grower’s Selection diced swede,,fruit_and_vegetable_survey_2015_sampling_report.pdf
751,35,Sainsbury’s swede,,fruit_and_vegetable_survey_2015_sampling_report.pdf
753,35,Morrisons swede,,fruit_and_vegetable_survey_2015_sampling_report.pdf
755,35,Simply M&S British swede,,fruit_and_vegetable_survey_2015_sampling_report.pdf
757,35,Lidl swede,,fruit_and_vegetable_survey_2015_sampling_report.pdf
761,35,The Co -operative Loved by Us British swede,,fruit_and_vegetable_survey_2015_sampling_report.pdf
763,35,Farm Shop Swede,,fruit_and_vegetable_survey_2015_sampling_report.pdf
765,35,Bidvest Foodservice swede,,fruit_and_vegetable_survey_2015_sampling_report.pdf
766,36,"Aubergine, boiled, flesh an d skin",Purchase Date:,fruit_and_vegetable_survey_2015_sampling_report.pdf
767,36,Tesco aubergine,,fruit_and_vegetable_survey_2015_sampling_report.pdf
768,36,"Aubergine, boiled, flesh and skin",Purchase Date:,fruit_and_vegetable_survey_2015_sampling_report.pdf
771,36,Asda aubergine,,fruit_and_vegetable_survey_2015_sampling_report.pdf
773,36,Sainsbury’s aubergine,,fruit_and_vegetable_survey_2015_sampling_report.pdf
775,36,Morrisons aubergine,,fruit_and_vegetable_survey_2015_sampling_report.pdf
777,36,Waitrose aubergine,,fruit_and_vegetable_survey_2015_sampling_report.pdf
779,36,Lidl aubergine,,fruit_and_vegetable_survey_2015_sampling_report.pdf
781,36,Sainsbury’s Basics aubergine,,fruit_and_vegetable_survey_2015_sampling_report.pdf
783,36,The Co -operative Loved by Us aubergine,,fruit_and_vegetable_survey_2015_sampling_report.pdf
784,36,"Aubergine, flesh and skin, boiled",Purchase Date:,fruit_and_vegetable_survey_2015_sampling_report.pdf
785,36,Greengrocer’s aubergine,,fruit_and_vegetable_survey_2015_sampling_report.pdf
787,36,Farm Fresh aubergine,,fruit_and_vegetable_survey_2015_sampling_report.pdf
788,37,"Aubergine, roasted  in rapeseed oil , flesh and skin",Purchase Date:,fruit_and_vegetable_survey_2015_sampling_report.pdf
790,37,"Aubergine, roasted in rapeseed oil , flesh and skin",Purchase Date:,fruit_and_vegetable_survey_2015_sampling_report.pdf
810,38,"Okra, boiled",175g ,fruit_and_vegetable_survey_2015_sampling_report.pdf
811,38,Tesco okra,,fruit_and_vegetable_survey_2015_sampling_report.pdf
815,38,Asda okra,,fruit_and_vegetable_survey_2015_sampling_report.pdf
817,38,Sainsbury’s okra,,fruit_and_vegetable_survey_2015_sampling_report.pdf
819,38,Morrisons okra,,fruit_and_vegetable_survey_2015_sampling_report.pdf
821,38,Waitrose okra,,fruit_and_vegetable_survey_2015_sampling_report.pdf
831,38,Zenith okra,,fruit_and_vegetable_survey_2015_sampling_report.pdf
832,39,"Watercress, raw",85g ,fruit_and_vegetable_survey_2015_sampling_report.pdf
833,39,Tesco Wessex watercress,,fruit_and_vegetable_survey_2015_sampling_report.pdf
835,39,Tesco watercress,,fruit_and_vegetable_survey_2015_sampling_report.pdf
837,39,Asda Grower’s Selection watercress,,fruit_and_vegetable_survey_2015_sampling_report.pdf
839,39,Sainsbury’s baby leaf watercress,,fruit_and_vegetable_survey_2015_sampling_report.pdf
841,39,Morrisons watercress,,fruit_and_vegetable_survey_2015_sampling_report.pdf
843,39,Waitrose hot & peppery watercress,,fruit_and_vegetable_survey_2015_sampling_report.pdf
851,39,Hairspring watercress,,fruit_and_vegetable_survey_2015_sampling_report.pdf
853,39,Fresha water cress,,fruit_and_vegetable_survey_2015_sampling_report.pdf
854,40,"Runner beans, fresh, boiled",255g ,fruit_and_vegetable_survey_2015_sampling_report.pdf
855,40,Tesco British runner beans,,fruit_and_vegetable_survey_2015_sampling_report.pdf
857,40,Tesco runner beans,,fruit_and_vegetable_survey_2015_sampling_report.pdf
859,40,Asda Grower’s Selection runner beans,,fruit_and_vegetable_survey_2015_sampling_report.pdf
861,40,Sainsbury’s runner beans,,fruit_and_vegetable_survey_2015_sampling_report.pdf
863,40,Morrisons runner beans,,fruit_and_vegetable_survey_2015_sampling_report.pdf
865,40,Simply M&S runner beans,,fruit_and_vegetable_survey_2015_sampling_report.pdf
867,40,Wood Farm runner beans,,fruit_and_vegetable_survey_2015_sampling_report.pdf
871,40,The Co -operative Loved by Us runner beans,,fruit_and_vegetable_survey_2015_sampling_report.pdf
873,40,Greengrocer runner beans,,fruit_and_vegetable_survey_2015_sampling_report.pdf
876,41,"Yam, fresh, boiled",Purchase Date:,fruit_and_vegetable_survey_2015_sampling_report.pdf
877,41,Tesco yam,,fruit_and_vegetable_survey_2015_sampling_report.pdf
883,41,Spiceland Yam,,fruit_and_vegetable_survey_2015_sampling_report.pdf
885,41,Foodland yam,,fruit_and_vegetable_survey_2015_sampling_report.pdf
887,41,Aziz Cash & Carry yam,,fruit_and_vegetable_survey_2015_sampling_report.pdf
889,41,Asian Bazaar yam,,fruit_and_vegetable_survey_2015_sampling_report.pdf
891,41,Spice Land yam,,fruit_and_vegetable_survey_2015_sampling_report.pdf
892,42,"Blackberries, raw",350g ,fruit_and_vegetable_survey_2015_sampling_report.pdf
893,42,Tesco British blackberries,,fruit_and_vegetable_survey_2015_sampling_report.pdf
895,42,Tesco British supersweet blackberries,,fruit_and_vegetable_survey_2015_sampling_report.pdf
897,42,Asda Grower’s Selection blackberries,,fruit_and_vegetable_survey_2015_sampling_report.pdf
899,42,Sainsbury’s blackberries,,fruit_and_vegetable_survey_2015_sampling_report.pdf
901,42,Morrisons blackberries,,fruit_and_vegetable_survey_2015_sampling_report.pdf
903,42,M&S blackberries,,fruit_and_vegetable_survey_2015_sampling_report.pdf
905,42,Driscoll’s blackberries,,fruit_and_vegetable_survey_2015_sampling_report.pdf
911,42,Market blackberries,,fruit_and_vegetable_survey_2015_sampling_report.pdf
913,42,Bidvest Foodservice blackberries,,fruit_and_vegetable_survey_2015_sampling_report.pdf
914,43,"Rhubarb, stewed without sugar",400g ,fruit_and_vegetable_survey_2015_sampling_report.pdf
915,43,Tesco British rhubarb,,fruit_and_vegetable_survey_2015_sampling_report.pdf
919,43,Asda Grower’s Selection British rhubarb,,fruit_and_vegetable_survey_2015_sampling_report.pdf
921,43,Sainsbury’s British rhubarb,,fruit_and_vegetable_survey_2015_sampling_report.pdf
925,43,Morrisons Yorkshire rhubarb,,fruit_and_vegetable_survey_2015_sampling_report.pdf
927,43,Waitrose Cooks’ Ingredients particularly pink forced,,fruit_and_vegetable_survey_2015_sampling_report.pdf
929,43,Swithenbank rhubarb,,fruit_and_vegetable_survey_2015_sampling_report.pdf
933,43,Tesco rhubarb,,fruit_and_vegetable_survey_2015_sampling_report.pdf
936,44,"Papaya, ripe, raw , flesh only",Purchase Date:,fruit_and_vegetable_survey_2015_sampling_report.pdf
937,44,Tesco perfectly ripe papaya,,fruit_and_vegetable_survey_2015_sampling_report.pdf
938,44,"Papaya, ripe, raw, flesh only",Purchase Date:,fruit_and_vegetable_survey_2015_sampling_report.pdf
939,44,Tesco papaya,,fruit_and_vegetable_survey_2015_sampling_report.pdf
941,44,Asda Grower’s Selection papaya,,fruit_and_vegetable_survey_2015_sampling_report.pdf
943,44,Sainsbury’s ripe and ready papaya,,fruit_and_vegetable_survey_2015_sampling_report.pdf
945,44,Morrisons papaya,,fruit_and_vegetable_survey_2015_sampling_report.pdf
947,44,Waitrose papaya,,fruit_and_vegetable_survey_2015_sampling_report.pdf
953,44,Papaya Coribe papaya,,fruit_and_vegetable_survey_2015_sampling_report.pdf
957,44,Sainsbury’s giant papaya,,fruit_and_vegetable_survey_2015_sampling_report.pdf
958,45,"Radish, raw",240g ,fruit_and_vegetable_survey_2015_sampling_report.pdf
959,45,Tesco British radish,,fruit_and_vegetable_survey_2015_sampling_report.pdf
961,45,Tesco radish,,fruit_and_vegetable_survey_2015_sampling_report.pdf
963,45,Asda Grower’s Selection British radishes,,fruit_and_vegetable_survey_2015_sampling_report.pdf
965,45,Sainsbury’s British radishes,,fruit_and_vegetable_survey_2015_sampling_report.pdf
967,45,Morrisons radishes,,fruit_and_vegetable_survey_2015_sampling_report.pdf
969,45,Simply M&S British radishes,,fruit_and_vegetable_survey_2015_sampling_report.pdf
971,45,Oaklands British radish,,fruit_and_vegetable_survey_2015_sampling_report.pdf
973,45,Asda Grower’s Selection radishes,,fruit_and_vegetable_survey_2015_sampling_report.pdf
975,45,The Co -operative Loved by Us radish,,fruit_and_vegetable_survey_2015_sampling_report.pdf
977,45,Farm Shop radishes,,fruit_and_vegetable_survey_2015_sampling_report.pdf
978,46,"Prunes, ready to eat, semi -dried",500g ,fruit_and_vegetable_survey_2015_sampling_report.pdf
979,46,Tesco ready to eat pitted prunes,,fruit_and_vegetable_survey_2015_sampling_report.pdf
981,46,Tesco wholefoods soft prunes,,fruit_and_vegetable_survey_2015_sampling_report.pdf
983,46,Asda good & balanced prunes,,fruit_and_vegetable_survey_2015_sampling_report.pdf
985,46,Sainsbury’s prunes,,fruit_and_vegetable_survey_2015_sampling_report.pdf
987,46,"Morrisons, dried pitted prunes",,fruit_and_vegetable_survey_2015_sampling_report.pdf
989,46,Cook with M&S Agen prunes,,fruit_and_vegetable_survey_2015_sampling_report.pdf
991,46,The Co -operative Loved by Us dried prunes,,fruit_and_vegetable_survey_2015_sampling_report.pdf
993,46,Whitworths juicy prunes,,fruit_and_vegetable_survey_2015_sampling_report.pdf
995,46,Whitworths snack on Chilean orchard prunes,,fruit_and_vegetable_survey_2015_sampling_report.pdf
998,47,"Apricots, ready to eat, semi -dried",500g ,fruit_and_vegetable_survey_2015_sampling_report.pdf
999,47,Tesco Whole Foods ready to eat apricots,,fruit_and_vegetable_survey_2015_sampling_report.pdf
1001,47,Tesco ready to eat apricots,,fruit_and_vegetable_survey_2015_sampling_report.pdf
1003,47,Asda Good & Balanced apricots,,fruit_and_vegetable_survey_2015_sampling_report.pdf
1005,47,Sainsbury’s apricots,,fruit_and_vegetable_survey_2015_sampling_report.pdf
1007,47,Morrisons Wholefoods soft apricots,,fruit_and_vegetable_survey_2015_sampling_report.pdf
1009,47,Marks & Spencer soft apricots,,fruit_and_vegetable_survey_2015_sampling_report.pdf
1011,47,Neal’s Yard Wholefoods ready to eat apricots,,fruit_and_vegetable_survey_2015_sampling_report.pdf
1013,47,Whitworths soft apricots,,fruit_and_vegetable_survey_2015_sampling_report.pdf
1015,47,Whitworths snack on golden Malatya apricots,,fruit_and_vegetable_survey_2015_sampling_report.pdf
1018,48,"Raisins, dried",500g ,fruit_and_vegetable_survey_2015_sampling_report.pdf
1019,48,Tesco Californian seedless raisins,,fruit_and_vegetable_survey_2015_sampling_report.pdf
1021,48,Tesco Whole Foods thompson raisins,,fruit_and_vegetable_survey_2015_sampling_report.pdf
1023,48,Asda Chosen by Kids 12 mini raisin snack boxes,,fruit_and_vegetable_survey_2015_sampling_report.pdf
1025,48,Sainsbury’s jumbo raisin mix,,fruit_and_vegetable_survey_2015_sampling_report.pdf
1027,48,Morrisons raisins,,fruit_and_vegetable_survey_2015_sampling_report.pdf
1029,48,Belbake Californian seedless raisins,,fruit_and_vegetable_survey_2015_sampling_report.pdf
1031,48,"Holland & Barrett, genius seedless raisins",,fruit_and_vegetable_survey_2015_sampling_report.pdf
1033,48,Curtis raisins,,fruit_and_vegetable_survey_2015_sampling_report.pdf
1035,48,Whitworths sunny raisin,,fruit_and_vegetable_survey_2015_sampling_report.pdf
1037,48,Sun Maid natural California raisins,,fruit_and_vegetable_survey_2015_sampling_report.pdf
1038,49,"Lentils, split, dried, raw",500g ,fruit_and_vegetable_survey_2015_sampling_report.pdf
1039,49,Tesco Whole Foods red split lentils,,fruit_and_vegetable_survey_2015_sampling_report.pdf
1041,49,Tesco Aasani red split lentils,,fruit_and_vegetable_survey_2015_sampling_report.pdf
1043,49,Asda Good & Balanced red lentils,,fruit_and_vegetable_survey_2015_sampling_report.pdf
1045,49,Sainsbury’s red lentils,,fruit_and_vegetable_survey_2015_sampling_report.pdf
1047,49,Morrisons Wholefoods red split lentils,,fruit_and_vegetable_survey_2015_sampling_report.pdf
1049,49,Simply M&S red split lentils,,fruit_and_vegetable_survey_2015_sampling_report.pdf
1051,49,Natco red lentils,,fruit_and_vegetable_survey_2015_sampling_report.pdf
1053,49,KTC red lentils,,fruit_and_vegetable_survey_2015_sampling_report.pdf
1055,49,Great Scot red split lentils,,fruit_and_vegetable_survey_2015_sampling_report.pdf
1057,49,East End red split lentils,,fruit_and_vegetable_survey_2015_sampling_report.pdf
1058,50,"Lentils, split, dried, boiled",500g ,fruit_and_vegetable_survey_2015_sampling_report.pdf
1078,51,"Red kidney beans, dried, boiled",500g ,fruit_and_vegetable_survey_2015_sampling_report.pdf
1079,51,Tesco Whole Foods kidney beans,,fruit_and_vegetable_survey_2015_sampling_report.pdf
1083,51,Asda Good & Balanced kidney beans,,fruit_and_vegetable_survey_2015_sampling_report.pdf
1085,51,Sainsbury’s red kidney beans,,fruit_and_vegetable_survey_2015_sampling_report.pdf
1087,51,Morrisons Wholefoods red kidney beans,,fruit_and_vegetable_survey_2015_sampling_report.pdf
1089,51,Waitrose Love Life red kidney beans,,fruit_and_vegetable_survey_2015_sampling_report.pdf
1091,51,TRS red kidney beans,,fruit_and_vegetable_survey_2015_sampling_report.pdf
1093,51,KTC red kidney beans,,fruit_and_vegetable_survey_2015_sampling_report.pdf
1095,51,East End dark red kidney beans,,fruit_and_vegetable_survey_2015_sampling_report.pdf
1097,51,Island Sun red kidney beans,,fruit_and_vegetable_survey_2015_sampling_report.pdf
1098,52,"Red kidney beans, canned, reheated",Net weig ht: 400g ; drained weig ht: 240g ,fruit_and_vegetable_survey_2015_sampling_report.pdf
1099,52,Tesco red kidney beans in water,,fruit_and_vegetable_survey_2015_sampling_report.pdf
1101,52,Tesco Everyday Value red kidney beans in water,,fruit_and_vegetable_survey_2015_sampling_report.pdf
1103,52,Asda Good & Balanced red kidney beans in water,,fruit_and_vegetable_survey_2015_sampling_report.pdf
1105,52,Sainsbury’s red kidney beans in water,,fruit_and_vegetable_survey_2015_sampling_report.pdf
1107,52,Morrisons red kidney beans,,fruit_and_vegetable_survey_2015_sampling_report.pdf
1109,52,Campo Largo red kidney beans in water,,fruit_and_vegetable_survey_2015_sampling_report.pdf
1111,52,Essential Waitrose red kidney beans in water,,fruit_and_vegetable_survey_2015_sampling_report.pdf
1113,52,Chef’s Larder red kidney beans in water,,fruit_and_vegetable_survey_2015_sampling_report.pdf
1115,52,Napolina red kidney beans in water,,fruit_and_vegetable_survey_2015_sampling_report.pdf
1118,53,"Lentils, brown/green, dried, boiled",500g ,fruit_and_vegetable_survey_2015_sampling_report.pdf
1119,53,Tesco Whole Foods lentilles vertes,,fruit_and_vegetable_survey_2015_sampling_report.pdf
1121,53,KTC brown lentils,,fruit_and_vegetable_survey_2015_sampling_report.pdf
1123,53,Asda Good & Balanced green lentils,,fruit_and_vegetable_survey_2015_sampling_report.pdf
1125,53,Sainsbury’s green lentils,,fruit_and_vegetable_survey_2015_sampling_report.pdf
1127,53,Gama for Goodness Sake green lentils,,fruit_and_vegetable_survey_2015_sampling_report.pdf
1129,53,Waitrose Love Life lentils,,fruit_and_vegetable_survey_2015_sampling_report.pdf
1131,53,Holland and Barrett ooh la la lentils,,fruit_and_vegetable_survey_2015_sampling_report.pdf
1133,53,KTC green lentils,,fruit_and_vegetable_survey_2015_sampling_report.pdf
1135,53,TRS brown lentils,,fruit_and_vegetable_survey_2015_sampling_report.pdf
1137,53,Natco green lentils,,fruit_and_vegetable_survey_2015_sampling_report.pdf
1140,54,"Chickpeas, dried, boiled",500g ,fruit_and_vegetable_survey_2015_sampling_report.pdf
1141,54,Tesco Whole Foods chickpeas,,fruit_and_vegetable_survey_2015_sampling_report.pdf
1143,54,Tesco Aasani chickpeas,,fruit_and_vegetable_survey_2015_sampling_report.pdf
1145,54,Asda Good & Balanced chickpeas,,fruit_and_vegetable_survey_2015_sampling_report.pdf
1147,54,Sainsbury’s chickpeas,,fruit_and_vegetable_survey_2015_sampling_report.pdf
1149,54,Morrisons Wholefoods chick peas,,fruit_and_vegetable_survey_2015_sampling_report.pdf
1151,54,Waitrose Love Life chick peas,,fruit_and_vegetable_survey_2015_sampling_report.pdf
1153,54,TRS chick peas,,fruit_and_vegetable_survey_2015_sampling_report.pdf
1155,54,KTC chick peas,,fruit_and_vegetable_survey_2015_sampling_report.pdf
1157,54,Cypressa chick peas,,fruit_and_vegetable_survey_2015_sampling_report.pdf
1159,54,East End chick peas,,fruit_and_vegetable_survey_2015_sampling_report.pdf
1160,55,"Chickpeas, canned, reheated",Net weig ht: 400g ; drained weig ht: 240g ,fruit_and_vegetable_survey_2015_sampling_report.pdf
1161,55,Tesco chickpeas in water,,fruit_and_vegetable_survey_2015_sampling_report.pdf
1165,55,Asda Good & Balanced chickpeas in water,,fruit_and_vegetable_survey_2015_sampling_report.pdf
1167,55,Sainsbury’s chickpeas in water,,fruit_and_vegetable_survey_2015_sampling_report.pdf
1169,55,Morrisons chickpeas,,fruit_and_vegetable_survey_2015_sampling_report.pdf
1171,55,Aldi Sweet Harvest chick peas,,fruit_and_vegetable_survey_2015_sampling_report.pdf
1173,55,Essential Waitrose chick peas in water,,fruit_and_vegetable_survey_2015_sampling_report.pdf
1175,55,Napolina classic chick peas in water,,fruit_and_vegetable_survey_2015_sampling_report.pdf
1177,55,Napolina chick peas in water,,fruit_and_vegetable_survey_2015_sampling_report.pdf
1180,56,"Butter beans, dried, boiled",375g ,fruit_and_vegetable_survey_2015_sampling_report.pdf
1181,56,Tesco Whole Foods butter beans,,fruit_and_vegetable_survey_2015_sampling_report.pdf
1183,56,Tesco Wholefoods butter beans,,fruit_and_vegetable_survey_2015_sampling_report.pdf
1185,56,Asda Good & Balanced butter beans,,fruit_and_vegetable_survey_2015_sampling_report.pdf
1187,56,Sainsbury’s butter beans,,fruit_and_vegetable_survey_2015_sampling_report.pdf
1189,56,Morrisons Wholefoods butter beans,,fruit_and_vegetable_survey_2015_sampling_report.pdf
1193,56,Island Sun butter beans,,fruit_and_vegetable_survey_2015_sampling_report.pdf
1194,57,"Dates, dried, flesh only",450g ,fruit_and_vegetable_survey_2015_sampling_report.pdf
1195,57,Tesco Whole Foods deglet nour dates,,fruit_and_vegetable_survey_2015_sampling_report.pdf
1199,57,Asda Good & Balanced dates,,fruit_and_vegetable_survey_2015_sampling_report.pdf
1201,57,Sainsbury’s dates,,fruit_and_vegetable_survey_2015_sampling_report.pdf
1203,57,Morrisons Wholefoods chopped dates,,fruit_and_vegetable_survey_2015_sampling_report.pdf
1205,57,Waitrose Love Life dried pitted Deglet Nour dates,,fruit_and_vegetable_survey_2015_sampling_report.pdf
1207,57,Holland & Barrett chunky chopped dates,,fruit_and_vegetable_survey_2015_sampling_report.pdf
1209,57,Curtis pitted dates,,fruit_and_vegetable_survey_2015_sampling_report.pdf
1211,57,Whitworths snack on stoned  Sayer dates,,fruit_and_vegetable_survey_2015_sampling_report.pdf
1213,57,Whitworths chopped Sayer dates,,fruit_and_vegetable_survey_2015_sampling_report.pdf
1214,58,"Mung beans, dried, boiled",500g ,fruit_and_vegetable_survey_2015_sampling_report.pdf
1215,58,Tesco Whole Foods mung beans,,fruit_and_vegetable_survey_2015_sampling_report.pdf
1217,58,Tesco Aasani whole mung beans,,fruit_and_vegetable_survey_2015_sampling_report.pdf
1219,58,Morrisons Wholefoods mung beans,,fruit_and_vegetable_survey_2015_sampling_report.pdf
1221,58,TRS mung beans,,fruit_and_vegetable_survey_2015_sampling_report.pdf
1223,58,Natco mung beans,,fruit_and_vegetable_survey_2015_sampling_report.pdf
1225,58,KTC mung beans,,fruit_and_vegetable_survey_2015_sampling_report.pdf
1226,59,"Haricot beans, canned, reheated",Net weig ht: 400g ; drained weig ht: 235g ,fruit_and_vegetable_survey_2015_sampling_report.pdf
1227,59,Tesco haricot beans in water,,fruit_and_vegetable_survey_2015_sampling_report.pdf
1231,59,Asda Good & Balanced haricot beans in water,,fruit_and_vegetable_survey_2015_sampling_report.pdf
1233,59,Asda Good & Balanced haricot beans  in water,,fruit_and_vegetable_survey_2015_sampling_report.pdf
1235,59,Sainsbury’s haricot beans in water,,fruit_and_vegetable_survey_2015_sampling_report.pdf
1237,59,Morrisons haricot beans,,fruit_and_vegetable_survey_2015_sampling_report.pdf
1238,60,"Cannellini beans, canned, reheated",Net weig ht: 400g ; drained weig ht: 246g ,fruit_and_vegetable_survey_2015_sampling_report.pdf
1239,60,Tesco cannellini beans in water,,fruit_and_vegetable_survey_2015_sampling_report.pdf
1243,60,Asda Good & Balanced cannellini beans,,fruit_and_vegetable_survey_2015_sampling_report.pdf
1245,60,Sainsbury’s cannellini beans in water,,fruit_and_vegetable_survey_2015_sampling_report.pdf
1247,60,Morrisons cannellini beans,,fruit_and_vegetable_survey_2015_sampling_report.pdf
1249,60,Waitrose essential cannellini beans in water,,fruit_and_vegetable_survey_2015_sampling_report.pdf
1251,60,Simply M&S cannellini beans in water,,fruit_and_vegetable_survey_2015_sampling_report.pdf
1253,60,Napolina cannellini beans in water,,fruit_and_vegetable_survey_2015_sampling_report.pdf
1258,61,"Edamame, frozen, boiled",500g ,fruit_and_vegetable_survey_2015_sampling_report.pdf
1259,61,Tesco edamame beans,,fruit_and_vegetable_survey_2015_sampling_report.pdf
1263,61,Tesco soya beans,,fruit_and_vegetable_survey_2015_sampling_report.pdf
1265,61,Yutaka edamame soybeans with pods,,fruit_and_vegetable_survey_2015_sampling_report.pdf
1267,61,Yutaka edamame shelled soybeans,,fruit_and_vegetable_survey_2015_sampling_report.pdf
1269,61,Birds Eye soya beans,,fruit_and_vegetable_survey_2015_sampling_report.pdf
1272,62,"Figs, ready to eat, semi -dried",250g ,fruit_and_vegetable_survey_2015_sampling_report.pdf
1273,62,Tesco ready to eat figs,,fruit_and_vegetable_survey_2015_sampling_report.pdf
1275,62,Tesco Whole Foods ready to eat figs,,fruit_and_vegetable_survey_2015_sampling_report.pdf
1277,62,Asda Good & Balanced figs,,fruit_and_vegetable_survey_2015_sampling_report.pdf
1279,62,Sainsbury’s figs,,fruit_and_vegetable_survey_2015_sampling_report.pdf
1281,62,Waitrose Love Life soft smyrna figs,,fruit_and_vegetable_survey_2015_sampling_report.pdf
1283,62,Morrisons Wholefoods soft figs,,fruit_and_vegetable_survey_2015_sampling_report.pdf
1285,62,The Co -operative Loved by Us dried figs,,fruit_and_vegetable_survey_2015_sampling_report.pdf
1287,62,Neal’s Yard Wholefoods ready to eat figs,,fruit_and_vegetable_survey_2015_sampling_report.pdf
1289,62,Whitworths snack on soft Smyrna figs,,fruit_and_vegetable_survey_2015_sampling_report.pdf
1292,1,guidelines. Details of all sub -samples were recorded prior to,chang es on cooking  and,fruit_and_vegetable_survey_2015_sampling_report.pdf
1293,2,,of a plum and stone: 76.8g ,fruit_and_vegetable_survey_2015_sampling_report.pdf
666,31,"Sweet potato, boiled, flesh only",1kg  ,Nutrient_analysis_of_fruit_and_vegetables_-_Sampling_Report.pdf
667,31,M&S sweet potatoes,,Nutrient_analysis_of_fruit_and_vegetables_-_Sampling_Report.pdf
669,31,Lidl sweet potatoes,,Nutrient_analysis_of_fruit_and_vegetables_-_Sampling_Report.pdf
671,31,Morrisons sweet potatoes,,Nutrient_analysis_of_fruit_and_vegetables_-_Sampling_Report.pdf
673,31,The Co -operative sweet potatoes,,Nutrient_analysis_of_fruit_and_vegetables_-_Sampling_Report.pdf
675,31,Greengrocer sweet potatoes,,Nutrient_analysis_of_fruit_and_vegetables_-_Sampling_Report.pdf
676,31,"Sweet potato, boiled, flesh  only",6kg   net,Nutrient_analysis_of_fruit_and_vegetables_-_Sampling_Report.pdf
677,31,Bidvest Foodservice sweet potatoes,L2,Nutrient_analysis_of_fruit_and_vegetables_-_Sampling_Report.pdf
678,32,"Sweet potato, wedges, baked  in rapeseed oil , flesh and",1kg  ,Nutrient_analysis_of_fruit_and_vegetables_-_Sampling_Report.pdf
679,32,Tesco sweet potatoes,,Nutrient_analysis_of_fruit_and_vegetables_-_Sampling_Report.pdf
680,32,"Sweet potato, wedges, baked in rapeseed oil , flesh and",1kg  ,Nutrient_analysis_of_fruit_and_vegetables_-_Sampling_Report.pdf
683,32,Asda Grower’s Selection sweet potatoes,,Nutrient_analysis_of_fruit_and_vegetables_-_Sampling_Report.pdf
685,32,Sainsbury’s sweet potato,,Nutrient_analysis_of_fruit_and_vegetables_-_Sampling_Report.pdf
687,32,Morrisons sweet potato,,Nutrient_analysis_of_fruit_and_vegetables_-_Sampling_Report.pdf
700,33,"Broad beans, fresh, boiled",500g ,Nutrient_analysis_of_fruit_and_vegetables_-_Sampling_Report.pdf
701,33,Tesco British broad beans,,Nutrient_analysis_of_fruit_and_vegetables_-_Sampling_Report.pdf
705,33,Tesco broad beans,,Nutrient_analysis_of_fruit_and_vegetables_-_Sampling_Report.pdf
707,33,Asda Grower’s Selection broad beans,,Nutrient_analysis_of_fruit_and_vegetables_-_Sampling_Report.pdf
709,33,Sainsbury’s broad beans,,Nutrient_analysis_of_fruit_and_vegetables_-_Sampling_Report.pdf
711,33,Morrisons broad beans,,Nutrient_analysis_of_fruit_and_vegetables_-_Sampling_Report.pdf
713,33,Essential Waitrose broad beans,,Nutrient_analysis_of_fruit_and_vegetables_-_Sampling_Report.pdf
715,33,Asda Grower’s Selection British broad beans,,Nutrient_analysis_of_fruit_and_vegetables_-_Sampling_Report.pdf
717,33,M&S British broad beans,,Nutrient_analysis_of_fruit_and_vegetables_-_Sampling_Report.pdf
721,33,Market broad beans,,Nutrient_analysis_of_fruit_and_vegetables_-_Sampling_Report.pdf
722,34,"Curly kale, fresh, boiled",206g ,Nutrient_analysis_of_fruit_and_vegetables_-_Sampling_Report.pdf
723,34,Tesco British curly kale,,Nutrient_analysis_of_fruit_and_vegetables_-_Sampling_Report.pdf
725,34,Tesco British curly  kale,,Nutrient_analysis_of_fruit_and_vegetables_-_Sampling_Report.pdf
727,34,Asda Grower’s Selection British unwashed sliced curly,,Nutrient_analysis_of_fruit_and_vegetables_-_Sampling_Report.pdf
729,34,Sainsbury’s curly leaf kale,,Nutrient_analysis_of_fruit_and_vegetables_-_Sampling_Report.pdf
731,34,Morrisons prepared kale,,Nutrient_analysis_of_fruit_and_vegetables_-_Sampling_Report.pdf
733,34,M&S kale,,Nutrient_analysis_of_fruit_and_vegetables_-_Sampling_Report.pdf
735,34,Oaklands British curly kale,,Nutrient_analysis_of_fruit_and_vegetables_-_Sampling_Report.pdf
739,34,The Co-operative Loved by Us British sliced curly kale,,Nutrient_analysis_of_fruit_and_vegetables_-_Sampling_Report.pdf
741,34,Farm Shop curly kale,,Nutrient_analysis_of_fruit_and_vegetables_-_Sampling_Report.pdf
743,34,Swithenbank cabbage curly kale,,Nutrient_analysis_of_fruit_and_vegetables_-_Sampling_Report.pdf
744,35,"Swede, fresh, boiled",Min. 400g ,Nutrient_analysis_of_fruit_and_vegetables_-_Sampling_Report.pdf
745,35,Tesco British small swede,,Nutrient_analysis_of_fruit_and_vegetables_-_Sampling_Report.pdf
747,35,Tesco British large swede,,Nutrient_analysis_of_fruit_and_vegetables_-_Sampling_Report.pdf
749,35,Asda Grower’s Selection diced swede,,Nutrient_analysis_of_fruit_and_vegetables_-_Sampling_Report.pdf
751,35,Sainsbury’s swede,,Nutrient_analysis_of_fruit_and_vegetables_-_Sampling_Report.pdf
753,35,Morrisons swede,,Nutrient_analysis_of_fruit_and_vegetables_-_Sampling_Report.pdf
755,35,Simply M&S British swede,,Nutrient_analysis_of_fruit_and_vegetables_-_Sampling_Report.pdf
757,35,Lidl swede,,Nutrient_analysis_of_fruit_and_vegetables_-_Sampling_Report.pdf
761,35,The Co -operative Loved by Us British swede,,Nutrient_analysis_of_fruit_and_vegetables_-_Sampling_Report.pdf
763,35,Farm Shop Swede,,Nutrient_analysis_of_fruit_and_vegetables_-_Sampling_Report.pdf
765,35,Bidvest Foodservice swede,,Nutrient_analysis_of_fruit_and_vegetables_-_Sampling_Report.pdf
766,36,"Aubergine, boiled, flesh an d skin",Purchase Date:,Nutrient_analysis_of_fruit_and_vegetables_-_Sampling_Report.pdf
767,36,Tesco aubergine,,Nutrient_analysis_of_fruit_and_vegetables_-_Sampling_Report.pdf
768,36,"Aubergine, boiled, flesh and skin",Purchase Date:,Nutrient_analysis_of_fruit_and_vegetables_-_Sampling_Report.pdf
771,36,Asda aubergine,,Nutrient_analysis_of_fruit_and_vegetables_-_Sampling_Report.pdf
773,36,Sainsbury’s aubergine,,Nutrient_analysis_of_fruit_and_vegetables_-_Sampling_Report.pdf
775,36,Morrisons aubergine,,Nutrient_analysis_of_fruit_and_vegetables_-_Sampling_Report.pdf
777,36,Waitrose aubergine,,Nutrient_analysis_of_fruit_and_vegetables_-_Sampling_Report.pdf
779,36,Lidl aubergine,,Nutrient_analysis_of_fruit_and_vegetables_-_Sampling_Report.pdf
781,36,Sainsbury’s Basics aubergine,,Nutrient_analysis_of_fruit_and_vegetables_-_Sampling_Report.pdf
783,36,The Co -operative Loved by Us aubergine,,Nutrient_analysis_of_fruit_and_vegetables_-_Sampling_Report.pdf
784,36,"Aubergine, flesh and skin, boiled",Purchase Date:,Nutrient_analysis_of_fruit_and_vegetables_-_Sampling_Report.pdf
785,36,Greengrocer’s aubergine,,Nutrient_analysis_of_fruit_and_vegetables_-_Sampling_Report.pdf
787,36,Farm Fresh aubergine,,Nutrient_analysis_of_fruit_and_vegetables_-_Sampling_Report.pdf
788,37,"Aubergine, roasted  in rapeseed oil , flesh and skin",Purchase Date:,Nutrient_analysis_of_fruit_and_vegetables_-_Sampling_Report.pdf
790,37,"Aubergine, roasted in rapeseed oil , flesh and skin",Purchase Date:,Nutrient_analysis_of_fruit_and_vegetables_-_Sampling_Report.pdf
810,38,"Okra, boiled",175g ,Nutrient_analysis_of_fruit_and_vegetables_-_Sampling_Report.pdf
811,38,Tesco okra,,Nutrient_analysis_of_fruit_and_vegetables_-_Sampling_Report.pdf
815,38,Asda okra,,Nutrient_analysis_of_fruit_and_vegetables_-_Sampling_Report.pdf
817,38,Sainsbury’s okra,,Nutrient_analysis_of_fruit_and_vegetables_-_Sampling_Report.pdf
819,38,Morrisons okra,,Nutrient_analysis_of_fruit_and_vegetables_-_Sampling_Report.pdf
821,38,Waitrose okra,,Nutrient_analysis_of_fruit_and_vegetables_-_Sampling_Report.pdf
831,38,Zenith okra,,Nutrient_analysis_of_fruit_and_vegetables_-_Sampling_Report.pdf
832,39,"Watercress, raw",85g ,Nutrient_analysis_of_fruit_and_vegetables_-_Sampling_Report.pdf
833,39,Tesco Wessex watercress,,Nutrient_analysis_of_fruit_and_vegetables_-_Sampling_Report.pdf
835,39,Tesco watercress,,Nutrient_analysis_of_fruit_and_vegetables_-_Sampling_Report.pdf
837,39,Asda Grower’s Selection watercress,,Nutrient_analysis_of_fruit_and_vegetables_-_Sampling_Report.pdf
839,39,Sainsbury’s baby leaf watercress,,Nutrient_analysis_of_fruit_and_vegetables_-_Sampling_Report.pdf
841,39,Morrisons watercress,,Nutrient_analysis_of_fruit_and_vegetables_-_Sampling_Report.pdf
843,39,Waitrose hot & peppery watercress,,Nutrient_analysis_of_fruit_and_vegetables_-_Sampling_Report.pdf
851,39,Hairspring watercress,,Nutrient_analysis_of_fruit_and_vegetables_-_Sampling_Report.pdf
853,39,Fresha water cress,,Nutrient_analysis_of_fruit_and_vegetables_-_Sampling_Report.pdf
854,40,"Runner beans, fresh, boiled",255g ,Nutrient_analysis_of_fruit_and_vegetables_-_Sampling_Report.pdf
855,40,Tesco British runner beans,,Nutrient_analysis_of_fruit_and_vegetables_-_Sampling_Report.pdf
857,40,Tesco runner beans,,Nutrient_analysis_of_fruit_and_vegetables_-_Sampling_Report.pdf
859,40,Asda Grower’s Selection runner beans,,Nutrient_analysis_of_fruit_and_vegetables_-_Sampling_Report.pdf
861,40,Sainsbury’s runner beans,,Nutrient_analysis_of_fruit_and_vegetables_-_Sampling_Report.pdf
863,40,Morrisons runner beans,,Nutrient_analysis_of_fruit_and_vegetables_-_Sampling_Report.pdf
865,40,Simply M&S runner beans,,Nutrient_analysis_of_fruit_and_vegetables_-_Sampling_Report.pdf
867,40,Wood Farm runner beans,,Nutrient_analysis_of_fruit_and_vegetables_-_Sampling_Report.pdf
871,40,The Co -operative Loved by Us runner beans,,Nutrient_analysis_of_fruit_and_vegetables_-_Sampling_Report.pdf
873,40,Greengrocer runner beans,,Nutrient_analysis_of_fruit_and_vegetables_-_Sampling_Report.pdf
876,41,"Yam, fresh, boiled",Purchase Date:,Nutrient_analysis_of_fruit_and_vegetables_-_Sampling_Report.pdf
877,41,Tesco yam,,Nutrient_analysis_of_fruit_and_vegetables_-_Sampling_Report.pdf
883,41,Spiceland Yam,,Nutrient_analysis_of_fruit_and_vegetables_-_Sampling_Report.pdf
885,41,Foodland yam,,Nutrient_analysis_of_fruit_and_vegetables_-_Sampling_Report.pdf
887,41,Aziz Cash & Carry yam,,Nutrient_analysis_of_fruit_and_vegetables_-_Sampling_Report.pdf
889,41,Asian Bazaar yam,,Nutrient_analysis_of_fruit_and_vegetables_-_Sampling_Report.pdf
891,41,Spice Land yam,,Nutrient_analysis_of_fruit_and_vegetables_-_Sampling_Report.pdf
892,42,"Blackberries, raw",350g ,Nutrient_analysis_of_fruit_and_vegetables_-_Sampling_Report.pdf
893,42,Tesco British blackberries,,Nutrient_analysis_of_fruit_and_vegetables_-_Sampling_Report.pdf
895,42,Tesco British supersweet blackberries,,Nutrient_analysis_of_fruit_and_vegetables_-_Sampling_Report.pdf
897,42,Asda Grower’s Selection blackberries,,Nutrient_analysis_of_fruit_and_vegetables_-_Sampling_Report.pdf
899,42,Sainsbury’s blackberries,,Nutrient_analysis_of_fruit_and_vegetables_-_Sampling_Report.pdf
901,42,Morrisons blackberries,,Nutrient_analysis_of_fruit_and_vegetables_-_Sampling_Report.pdf
903,42,M&S blackberries,,Nutrient_analysis_of_fruit_and_vegetables_-_Sampling_Report.pdf
905,42,Driscoll’s blackberries,,Nutrient_analysis_of_fruit_and_vegetables_-_Sampling_Report.pdf
911,42,Market blackberries,,Nutrient_analysis_of_fruit_and_vegetables_-_Sampling_Report.pdf
913,42,Bidvest Foodservice blackberries,,Nutrient_analysis_of_fruit_and_vegetables_-_Sampling_Report.pdf
914,43,"Rhubarb, stewed without sugar",400g ,Nutrient_analysis_of_fruit_and_vegetables_-_Sampling_Report.pdf
915,43,Tesco British rhubarb,,Nutrient_analysis_of_fruit_and_vegetables_-_Sampling_Report.pdf
919,43,Asda Grower’s Selection British rhubarb,,Nutrient_analysis_of_fruit_and_vegetables_-_Sampling_Report.pdf
921,43,Sainsbury’s British rhubarb,,Nutrient_analysis_of_fruit_and_vegetables_-_Sampling_Report.pdf
925,43,Morrisons Yorkshire rhubarb,,Nutrient_analysis_of_fruit_and_vegetables_-_Sampling_Report.pdf
927,43,Waitrose Cooks’ Ingredients particularly pink forced,,Nutrient_analysis_of_fruit_and_vegetables_-_Sampling_Report.pdf
929,43,Swithenbank rhubarb,,Nutrient_analysis_of_fruit_and_vegetables_-_Sampling_Report.pdf
933,43,Tesco rhubarb,,Nutrient_analysis_of_fruit_and_vegetables_-_Sampling_Report.pdf
936,44,"Papaya, ripe, raw , flesh only",Purchase Date:,Nutrient_analysis_of_fruit_and_vegetables_-_Sampling_Report.pdf
937,44,Tesco perfectly ripe papaya,,Nutrient_analysis_of_fruit_and_vegetables_-_Sampling_Report.pdf
938,44,"Papaya, ripe, raw, flesh only",Purchase Date:,Nutrient_analysis_of_fruit_and_vegetables_-_Sampling_Report.pdf
939,44,Tesco papaya,,Nutrient_analysis_of_fruit_and_vegetables_-_Sampling_Report.pdf
941,44,Asda Grower’s Selection papaya,,Nutrient_analysis_of_fruit_and_vegetables_-_Sampling_Report.pdf
943,44,Sainsbury’s ripe and ready papaya,,Nutrient_analysis_of_fruit_and_vegetables_-_Sampling_Report.pdf
945,44,Morrisons papaya,,Nutrient_analysis_of_fruit_and_vegetables_-_Sampling_Report.pdf
947,44,Waitrose papaya,,Nutrient_analysis_of_fruit_and_vegetables_-_Sampling_Report.pdf
953,44,Papaya Coribe papaya,,Nutrient_analysis_of_fruit_and_vegetables_-_Sampling_Report.pdf
957,44,Sainsbury’s giant papaya,,Nutrient_analysis_of_fruit_and_vegetables_-_Sampling_Report.pdf
958,45,"Radish, raw",240g ,Nutrient_analysis_of_fruit_and_vegetables_-_Sampling_Report.pdf
959,45,Tesco British radish,,Nutrient_analysis_of_fruit_and_vegetables_-_Sampling_Report.pdf
961,45,Tesco radish,,Nutrient_analysis_of_fruit_and_vegetables_-_Sampling_Report.pdf
963,45,Asda Grower’s Selection British radishes,,Nutrient_analysis_of_fruit_and_vegetables_-_Sampling_Report.pdf
965,45,Sainsbury’s British radishes,,Nutrient_analysis_of_fruit_and_vegetables_-_Sampling_Report.pdf
967,45,Morrisons radishes,,Nutrient_analysis_of_fruit_and_vegetables_-_Sampling_Report.pdf
969,45,Simply M&S British radishes,,Nutrient_analysis_of_fruit_and_vegetables_-_Sampling_Report.pdf
971,45,Oaklands British radish,,Nutrient_analysis_of_fruit_and_vegetables_-_Sampling_Report.pdf
973,45,Asda Grower’s Selection radishes,,Nutrient_analysis_of_fruit_and_vegetables_-_Sampling_Report.pdf
975,45,The Co -operative Loved by Us radish,,Nutrient_analysis_of_fruit_and_vegetables_-_Sampling_Report.pdf
977,45,Farm Shop radishes,,Nutrient_analysis_of_fruit_and_vegetables_-_Sampling_Report.pdf
978,46,"Prunes, ready to eat, semi -dried",500g ,Nutrient_analysis_of_fruit_and_vegetables_-_Sampling_Report.pdf
979,46,Tesco ready to eat pitted prunes,,Nutrient_analysis_of_fruit_and_vegetables_-_Sampling_Report.pdf
981,46,Tesco wholefoods soft prunes,,Nutrient_analysis_of_fruit_and_vegetables_-_Sampling_Report.pdf
983,46,Asda good & balanced prunes,,Nutrient_analysis_of_fruit_and_vegetables_-_Sampling_Report.pdf
985,46,Sainsbury’s prunes,,Nutrient_analysis_of_fruit_and_vegetables_-_Sampling_Report.pdf
987,46,"Morrisons, dried pitted prunes",,Nutrient_analysis_of_fruit_and_vegetables_-_Sampling_Report.pdf
989,46,Cook with M&S Agen prunes,,Nutrient_analysis_of_fruit_and_vegetables_-_Sampling_Report.pdf
991,46,The Co -operative Loved by Us dried prunes,,Nutrient_analysis_of_fruit_and_vegetables_-_Sampling_Report.pdf
993,46,Whitworths juicy prunes,,Nutrient_analysis_of_fruit_and_vegetables_-_Sampling_Report.pdf
995,46,Whitworths snack on Chilean orchard prunes,,Nutrient_analysis_of_fruit_and_vegetables_-_Sampling_Report.pdf
998,47,"Apricots, ready to eat, semi -dried",500g ,Nutrient_analysis_of_fruit_and_vegetables_-_Sampling_Report.pdf
999,47,Tesco Whole Foods ready to eat apricots,,Nutrient_analysis_of_fruit_and_vegetables_-_Sampling_Report.pdf
1001,47,Tesco ready to eat apricots,,Nutrient_analysis_of_fruit_and_vegetables_-_Sampling_Report.pdf
1003,47,Asda Good & Balanced apricots,,Nutrient_analysis_of_fruit_and_vegetables_-_Sampling_Report.pdf
1005,47,Sainsbury’s apricots,,Nutrient_analysis_of_fruit_and_vegetables_-_Sampling_Report.pdf
1007,47,Morrisons Wholefoods soft apricots,,Nutrient_analysis_of_fruit_and_vegetables_-_Sampling_Report.pdf
1009,47,Marks & Spencer soft apricots,,Nutrient_analysis_of_fruit_and_vegetables_-_Sampling_Report.pdf
1011,47,Neal’s Yard Wholefoods ready to eat apricots,,Nutrient_analysis_of_fruit_and_vegetables_-_Sampling_Report.pdf
1013,47,Whitworths soft apricots,,Nutrient_analysis_of_fruit_and_vegetables_-_Sampling_Report.pdf
1015,47,Whitworths snack on golden Malatya apricots,,Nutrient_analysis_of_fruit_and_vegetables_-_Sampling_Report.pdf
1018,48,"Raisins, dried",500g ,Nutrient_analysis_of_fruit_and_vegetables_-_Sampling_Report.pdf
1019,48,Tesco Californian seedless raisins,,Nutrient_analysis_of_fruit_and_vegetables_-_Sampling_Report.pdf
1021,48,Tesco Whole Foods thompson raisins,,Nutrient_analysis_of_fruit_and_vegetables_-_Sampling_Report.pdf
1023,48,Asda Chosen by Kids 12 mini raisin snack boxes,,Nutrient_analysis_of_fruit_and_vegetables_-_Sampling_Report.pdf
1025,48,Sainsbury’s jumbo raisin mix,,Nutrient_analysis_of_fruit_and_vegetables_-_Sampling_Report.pdf
1027,48,Morrisons raisins,,Nutrient_analysis_of_fruit_and_vegetables_-_Sampling_Report.pdf
1029,48,Belbake Californian seedless raisins,,Nutrient_analysis_of_fruit_and_vegetables_-_Sampling_Report.pdf
1031,48,"Holland & Barrett, genius seedless raisins",,Nutrient_analysis_of_fruit_and_vegetables_-_Sampling_Report.pdf
1033,48,Curtis raisins,,Nutrient_analysis_of_fruit_and_vegetables_-_Sampling_Report.pdf
1035,48,Whitworths sunny raisin,,Nutrient_analysis_of_fruit_and_vegetables_-_Sampling_Report.pdf
1037,48,Sun Maid natural California raisins,,Nutrient_analysis_of_fruit_and_vegetables_-_Sampling_Report.pdf
1038,49,"Lentils, split, dried, raw",500g ,Nutrient_analysis_of_fruit_and_vegetables_-_Sampling_Report.pdf
1039,49,Tesco Whole Foods red split lentils,,Nutrient_analysis_of_fruit_and_vegetables_-_Sampling_Report.pdf
1041,49,Tesco Aasani red split lentils,,Nutrient_analysis_of_fruit_and_vegetables_-_Sampling_Report.pdf
1043,49,Asda Good & Balanced red lentils,,Nutrient_analysis_of_fruit_and_vegetables_-_Sampling_Report.pdf
1045,49,Sainsbury’s red lentils,,Nutrient_analysis_of_fruit_and_vegetables_-_Sampling_Report.pdf
1047,49,Morrisons Wholefoods red split lentils,,Nutrient_analysis_of_fruit_and_vegetables_-_Sampling_Report.pdf
1049,49,Simply M&S red split lentils,,Nutrient_analysis_of_fruit_and_vegetables_-_Sampling_Report.pdf
1051,49,Natco red lentils,,Nutrient_analysis_of_fruit_and_vegetables_-_Sampling_Report.pdf
1053,49,KTC red lentils,,Nutrient_analysis_of_fruit_and_vegetables_-_Sampling_Report.pdf
1055,49,Great Scot red split lentils,,Nutrient_analysis_of_fruit_and_vegetables_-_Sampling_Report.pdf
1057,49,East End red split lentils,,Nutrient_analysis_of_fruit_and_vegetables_-_Sampling_Report.pdf
1058,50,"Lentils, split, dried, boiled",500g ,Nutrient_analysis_of_fruit_and_vegetables_-_Sampling_Report.pdf
1078,51,"Red kidney beans, dried, boiled",500g ,Nutrient_analysis_of_fruit_and_vegetables_-_Sampling_Report.pdf
1079,51,Tesco Whole Foods kidney beans,,Nutrient_analysis_of_fruit_and_vegetables_-_Sampling_Report.pdf
1083,51,Asda Good & Balanced kidney beans,,Nutrient_analysis_of_fruit_and_vegetables_-_Sampling_Report.pdf
1085,51,Sainsbury’s red kidney beans,,Nutrient_analysis_of_fruit_and_vegetables_-_Sampling_Report.pdf
1087,51,Morrisons Wholefoods red kidney beans,,Nutrient_analysis_of_fruit_and_vegetables_-_Sampling_Report.pdf
1089,51,Waitrose Love Life red kidney beans,,Nutrient_analysis_of_fruit_and_vegetables_-_Sampling_Report.pdf
1091,51,TRS red kidney beans,,Nutrient_analysis_of_fruit_and_vegetables_-_Sampling_Report.pdf
1093,51,KTC red kidney beans,,Nutrient_analysis_of_fruit_and_vegetables_-_Sampling_Report.pdf
1095,51,East End dark red kidney beans,,Nutrient_analysis_of_fruit_and_vegetables_-_Sampling_Report.pdf
1097,51,Island Sun red kidney beans,,Nutrient_analysis_of_fruit_and_vegetables_-_Sampling_Report.pdf
1098,52,"Red kidney beans, canned, reheated",Net weig ht: 400g ; drained weig ht: 240g ,Nutrient_analysis_of_fruit_and_vegetables_-_Sampling_Report.pdf
1099,52,Tesco red kidney beans in water,,Nutrient_analysis_of_fruit_and_vegetables_-_Sampling_Report.pdf
1101,52,Tesco Everyday Value red kidney beans in water,,Nutrient_analysis_of_fruit_and_vegetables_-_Sampling_Report.pdf
1103,52,Asda Good & Balanced red kidney beans in water,,Nutrient_analysis_of_fruit_and_vegetables_-_Sampling_Report.pdf
1105,52,Sainsbury’s red kidney beans in water,,Nutrient_analysis_of_fruit_and_vegetables_-_Sampling_Report.pdf
1107,52,Morrisons red kidney beans,,Nutrient_analysis_of_fruit_and_vegetables_-_Sampling_Report.pdf
1109,52,Campo Largo red kidney beans in water,,Nutrient_analysis_of_fruit_and_vegetables_-_Sampling_Report.pdf
1111,52,Essential Waitrose red kidney beans in water,,Nutrient_analysis_of_fruit_and_vegetables_-_Sampling_Report.pdf
1113,52,Chef’s Larder red kidney beans in water,,Nutrient_analysis_of_fruit_and_vegetables_-_Sampling_Report.pdf
1115,52,Napolina red kidney beans in water,,Nutrient_analysis_of_fruit_and_vegetables_-_Sampling_Report.pdf
1118,53,"Lentils, brown/green, dried, boiled",500g ,Nutrient_analysis_of_fruit_and_vegetables_-_Sampling_Report.pdf
1119,53,Tesco Whole Foods lentilles vertes,,Nutrient_analysis_of_fruit_and_vegetables_-_Sampling_Report.pdf
1121,53,KTC brown lentils,,Nutrient_analysis_of_fruit_and_vegetables_-_Sampling_Report.pdf
1123,53,Asda Good & Balanced green lentils,,Nutrient_analysis_of_fruit_and_vegetables_-_Sampling_Report.pdf
1125,53,Sainsbury’s green lentils,,Nutrient_analysis_of_fruit_and_vegetables_-_Sampling_Report.pdf
1127,53,Gama for Goodness Sake green lentils,,Nutrient_analysis_of_fruit_and_vegetables_-_Sampling_Report.pdf
1129,53,Waitrose Love Life lentils,,Nutrient_analysis_of_fruit_and_vegetables_-_Sampling_Report.pdf
1131,53,Holland and Barrett ooh la la lentils,,Nutrient_analysis_of_fruit_and_vegetables_-_Sampling_Report.pdf
1133,53,KTC green lentils,,Nutrient_analysis_of_fruit_and_vegetables_-_Sampling_Report.pdf
1135,53,TRS brown lentils,,Nutrient_analysis_of_fruit_and_vegetables_-_Sampling_Report.pdf
1137,53,Natco green lentils,,Nutrient_analysis_of_fruit_and_vegetables_-_Sampling_Report.pdf
1140,54,"Chickpeas, dried, boiled",500g ,Nutrient_analysis_of_fruit_and_vegetables_-_Sampling_Report.pdf
1141,54,Tesco Whole Foods chickpeas,,Nutrient_analysis_of_fruit_and_vegetables_-_Sampling_Report.pdf
1143,54,Tesco Aasani chickpeas,,Nutrient_analysis_of_fruit_and_vegetables_-_Sampling_Report.pdf
1145,54,Asda Good & Balanced chickpeas,,Nutrient_analysis_of_fruit_and_vegetables_-_Sampling_Report.pdf
1147,54,Sainsbury’s chickpeas,,Nutrient_analysis_of_fruit_and_vegetables_-_Sampling_Report.pdf
1149,54,Morrisons Wholefoods chick peas,,Nutrient_analysis_of_fruit_and_vegetables_-_Sampling_Report.pdf
1151,54,Waitrose Love Life chick peas,,Nutrient_analysis_of_fruit_and_vegetables_-_Sampling_Report.pdf
1153,54,TRS chick peas,,Nutrient_analysis_of_fruit_and_vegetables_-_Sampling_Report.pdf
1155,54,KTC chick peas,,Nutrient_analysis_of_fruit_and_vegetables_-_Sampling_Report.pdf
1157,54,Cypressa chick peas,,Nutrient_analysis_of_fruit_and_vegetables_-_Sampling_Report.pdf
1159,54,East End chick peas,,Nutrient_analysis_of_fruit_and_vegetables_-_Sampling_Report.pdf
1160,55,"Chickpeas, canned, reheated",Net weig ht: 400g ; drained weig ht: 240g ,Nutrient_analysis_of_fruit_and_vegetables_-_Sampling_Report.pdf
1161,55,Tesco chickpeas in water,,Nutrient_analysis_of_fruit_and_vegetables_-_Sampling_Report.pdf
1165,55,Asda Good & Balanced chickpeas in water,,Nutrient_analysis_of_fruit_and_vegetables_-_Sampling_Report.pdf
1167,55,Sainsbury’s chickpeas in water,,Nutrient_analysis_of_fruit_and_vegetables_-_Sampling_Report.pdf
1169,55,Morrisons chickpeas,,Nutrient_analysis_of_fruit_and_vegetables_-_Sampling_Report.pdf
1171,55,Aldi Sweet Harvest chick peas,,Nutrient_analysis_of_fruit_and_vegetables_-_Sampling_Report.pdf
1173,55,Essential Waitrose chick peas in water,,Nutrient_analysis_of_fruit_and_vegetables_-_Sampling_Report.pdf
1175,55,Napolina classic chick peas in water,,Nutrient_analysis_of_fruit_and_vegetables_-_Sampling_Report.pdf
1177,55,Napolina chick peas in water,,Nutrient_analysis_of_fruit_and_vegetables_-_Sampling_Report.pdf
1180,56,"Butter beans, dried, boiled",375g ,Nutrient_analysis_of_fruit_and_vegetables_-_Sampling_Report.pdf
1181,56,Tesco Whole Foods butter beans,,Nutrient_analysis_of_fruit_and_vegetables_-_Sampling_Report.pdf
1183,56,Tesco Wholefoods butter beans,,Nutrient_analysis_of_fruit_and_vegetables_-_Sampling_Report.pdf
1185,56,Asda Good & Balanced butter beans,,Nutrient_analysis_of_fruit_and_vegetables_-_Sampling_Report.pdf
1187,56,Sainsbury’s butter beans,,Nutrient_analysis_of_fruit_and_vegetables_-_Sampling_Report.pdf
1189,56,Morrisons Wholefoods butter beans,,Nutrient_analysis_of_fruit_and_vegetables_-_Sampling_Report.pdf
1193,56,Island Sun butter beans,,Nutrient_analysis_of_fruit_and_vegetables_-_Sampling_Report.pdf
1194,57,"Dates, dried, flesh only",450g ,Nutrient_analysis_of_fruit_and_vegetables_-_Sampling_Report.pdf
1195,57,Tesco Whole Foods deglet nour dates,,Nutrient_analysis_of_fruit_and_vegetables_-_Sampling_Report.pdf
1199,57,Asda Good & Balanced dates,,Nutrient_analysis_of_fruit_and_vegetables_-_Sampling_Report.pdf
1201,57,Sainsbury’s dates,,Nutrient_analysis_of_fruit_and_vegetables_-_Sampling_Report.pdf
1203,57,Morrisons Wholefoods chopped dates,,Nutrient_analysis_of_fruit_and_vegetables_-_Sampling_Report.pdf
1205,57,Waitrose Love Life dried pitted Deglet Nour dates,,Nutrient_analysis_of_fruit_and_vegetables_-_Sampling_Report.pdf
1207,57,Holland & Barrett chunky chopped dates,,Nutrient_analysis_of_fruit_and_vegetables_-_Sampling_Report.pdf
1209,57,Curtis pitted dates,,Nutrient_analysis_of_fruit_and_vegetables_-_Sampling_Report.pdf
1211,57,Whitworths snack on stoned  Sayer dates,,Nutrient_analysis_of_fruit_and_vegetables_-_Sampling_Report.pdf
1213,57,Whitworths chopped Sayer dates,,Nutrient_analysis_of_fruit_and_vegetables_-_Sampling_Report.pdf
1214,58,"Mung beans, dried, boiled",500g ,Nutrient_analysis_of_fruit_and_vegetables_-_Sampling_Report.pdf
1215,58,Tesco Whole Foods mung beans,,Nutrient_analysis_of_fruit_and_vegetables_-_Sampling_Report.pdf
1217,58,Tesco Aasani whole mung beans,,Nutrient_analysis_of_fruit_and_vegetables_-_Sampling_Report.pdf
1219,58,Morrisons Wholefoods mung beans,,Nutrient_analysis_of_fruit_and_vegetables_-_Sampling_Report.pdf
1221,58,TRS mung beans,,Nutrient_analysis_of_fruit_and_vegetables_-_Sampling_Report.pdf
1223,58,Natco mung beans,,Nutrient_analysis_of_fruit_and_vegetables_-_Sampling_Report.pdf
1225,58,KTC mung beans,,Nutrient_analysis_of_fruit_and_vegetables_-_Sampling_Report.pdf
1226,59,"Haricot beans, canned, reheated",Net weig ht: 400g ; drained weig ht: 235g ,Nutrient_analysis_of_fruit_and_vegetables_-_Sampling_Report.pdf
1227,59,Tesco haricot beans in water,,Nutrient_analysis_of_fruit_and_vegetables_-_Sampling_Report.pdf
1231,59,Asda Good & Balanced haricot beans in water,,Nutrient_analysis_of_fruit_and_vegetables_-_Sampling_Report.pdf
1233,59,Asda Good & Balanced haricot beans  in water,,Nutrient_analysis_of_fruit_and_vegetables_-_Sampling_Report.pdf
1235,59,Sainsbury’s haricot beans in water,,Nutrient_analysis_of_fruit_and_vegetables_-_Sampling_Report.pdf
1237,59,Morrisons haricot beans,,Nutrient_analysis_of_fruit_and_vegetables_-_Sampling_Report.pdf
1238,60,"Cannellini beans, canned, reheated",Net weig ht: 400g ; drained weig ht: 246g ,Nutrient_analysis_of_fruit_and_vegetables_-_Sampling_Report.pdf
1239,60,Tesco cannellini beans in water,,Nutrient_analysis_of_fruit_and_vegetables_-_Sampling_Report.pdf
1243,60,Asda Good & Balanced cannellini beans,,Nutrient_analysis_of_fruit_and_vegetables_-_Sampling_Report.pdf
1245,60,Sainsbury’s cannellini beans in water,,Nutrient_analysis_of_fruit_and_vegetables_-_Sampling_Report.pdf
1247,60,Morrisons cannellini beans,,Nutrient_analysis_of_fruit_and_vegetables_-_Sampling_Report.pdf
1249,60,Waitrose essential cannellini beans in water,,Nutrient_analysis_of_fruit_and_vegetables_-_Sampling_Report.pdf
1251,60,Simply M&S cannellini beans in water,,Nutrient_analysis_of_fruit_and_vegetables_-_Sampling_Report.pdf
1253,60,Napolina cannellini beans in water,,Nutrient_analysis_of_fruit_and_vegetables_-_Sampling_Report.pdf
1258,61,"Edamame, frozen, boiled",500g ,Nutrient_analysis_of_fruit_and_vegetables_-_Sampling_Report.pdf
1259,61,Tesco edamame beans,,Nutrient_analysis_of_fruit_and_vegetables_-_Sampling_Report.pdf
1263,61,Tesco soya beans,,Nutrient_analysis_of_fruit_and_vegetables_-_Sampling_Report.pdf
1265,61,Yutaka edamame soybeans with pods,,Nutrient_analysis_of_fruit_and_vegetables_-_Sampling_Report.pdf
1267,61,Yutaka edamame shelled soybeans,,Nutrient_analysis_of_fruit_and_vegetables_-_Sampling_Report.pdf
1269,61,Birds Eye soya beans,,Nutrient_analysis_of_fruit_and_vegetables_-_Sampling_Report.pdf
1272,62,"Figs, ready to eat, semi -dried",250g ,Nutrient_analysis_of_fruit_and_vegetables_-_Sampling_Report.pdf
1273,62,Tesco ready to eat figs,,Nutrient_analysis_of_fruit_and_vegetables_-_Sampling_Report.pdf
1275,62,Tesco Whole Foods ready to eat figs,,Nutrient_analysis_of_fruit_and_vegetables_-_Sampling_Report.pdf
1277,62,Asda Good & Balanced figs,,Nutrient_analysis_of_fruit_and_vegetables_-_Sampling_Report.pdf
1279,62,Sainsbury’s figs,,Nutrient_analysis_of_fruit_and_vegetables_-_Sampling_Report.pdf
1281,62,Waitrose Love Life soft smyrna figs,,Nutrient_analysis_of_fruit_and_vegetables_-_Sampling_Report.pdf
1283,62,Morrisons Wholefoods soft figs,,Nutrient_analysis_of_fruit_and_vegetables_-_Sampling_Report.pdf
1285,62,The Co -operative Loved by Us dried figs,,Nutrient_analysis_of_fruit_and_vegetables_-_Sampling_Report.pdf
1287,62,Neal’s Yard Wholefoods ready to eat figs,,Nutrient_analysis_of_fruit_and_vegetables_-_Sampling_Report.pdf
1289,62,Whitworths snack on soft Smyrna figs,,Nutrient_analysis_of_fruit_and_vegetables_-_Sampling_Report.pdf
1292,1,guidelines. Details of all sub -samples were recorded prior to,chang es on cooking  and,Nutrient_analysis_of_fruit_and_vegetables_-_Sampling_Report.pdf
1293,2,,of a plum and stone: 76.8g ,Nutrient_analysis_of_fruit_and_vegetables_-_Sampling_Report.pdf
